--
-- PostgreSQL database dump
--

-- Dumped from database version 14.5
-- Dumped by pg_dump version 14.5

SET statement_timeout = 0;
SET lock_timeout = 0;
SET idle_in_transaction_session_timeout = 0;
SET client_encoding = 'UTF8';
SET standard_conforming_strings = on;
SELECT pg_catalog.set_config('search_path', '', false);
SET check_function_bodies = false;
SET xmloption = content;
SET client_min_messages = warning;
SET row_security = off;

--
-- Name: pg_trgm; Type: EXTENSION; Schema: -; Owner: -
--

CREATE EXTENSION IF NOT EXISTS pg_trgm WITH SCHEMA public;


--
-- Name: EXTENSION pg_trgm; Type: COMMENT; Schema: -; Owner: 
--

COMMENT ON EXTENSION pg_trgm IS 'text similarity measurement and index searching based on trigrams';


SET default_tablespace = '';

SET default_table_access_method = heap;

--
-- Name: auth_group; Type: TABLE; Schema: public; Owner: db_user
--

CREATE TABLE public.auth_group (
    id integer NOT NULL,
    name character varying(150) NOT NULL
);


ALTER TABLE public.auth_group OWNER TO db_user;

--
-- Name: auth_group_id_seq; Type: SEQUENCE; Schema: public; Owner: db_user
--

ALTER TABLE public.auth_group ALTER COLUMN id ADD GENERATED BY DEFAULT AS IDENTITY (
    SEQUENCE NAME public.auth_group_id_seq
    START WITH 1
    INCREMENT BY 1
    NO MINVALUE
    NO MAXVALUE
    CACHE 1
);


--
-- Name: auth_group_permissions; Type: TABLE; Schema: public; Owner: db_user
--

CREATE TABLE public.auth_group_permissions (
    id bigint NOT NULL,
    group_id integer NOT NULL,
    permission_id integer NOT NULL
);


ALTER TABLE public.auth_group_permissions OWNER TO db_user;

--
-- Name: auth_group_permissions_id_seq; Type: SEQUENCE; Schema: public; Owner: db_user
--

ALTER TABLE public.auth_group_permissions ALTER COLUMN id ADD GENERATED BY DEFAULT AS IDENTITY (
    SEQUENCE NAME public.auth_group_permissions_id_seq
    START WITH 1
    INCREMENT BY 1
    NO MINVALUE
    NO MAXVALUE
    CACHE 1
);


--
-- Name: auth_permission; Type: TABLE; Schema: public; Owner: db_user
--

CREATE TABLE public.auth_permission (
    id integer NOT NULL,
    name character varying(255) NOT NULL,
    content_type_id integer NOT NULL,
    codename character varying(100) NOT NULL
);


ALTER TABLE public.auth_permission OWNER TO db_user;

--
-- Name: auth_permission_id_seq; Type: SEQUENCE; Schema: public; Owner: db_user
--

ALTER TABLE public.auth_permission ALTER COLUMN id ADD GENERATED BY DEFAULT AS IDENTITY (
    SEQUENCE NAME public.auth_permission_id_seq
    START WITH 1
    INCREMENT BY 1
    NO MINVALUE
    NO MAXVALUE
    CACHE 1
);


--
-- Name: auth_user; Type: TABLE; Schema: public; Owner: db_user
--

CREATE TABLE public.auth_user (
    id integer NOT NULL,
    password character varying(128) NOT NULL,
    last_login timestamp with time zone,
    is_superuser boolean NOT NULL,
    username character varying(150) NOT NULL,
    first_name character varying(150) NOT NULL,
    last_name character varying(150) NOT NULL,
    email character varying(254) NOT NULL,
    is_staff boolean NOT NULL,
    is_active boolean NOT NULL,
    date_joined timestamp with time zone NOT NULL
);


ALTER TABLE public.auth_user OWNER TO db_user;

--
-- Name: auth_user_groups; Type: TABLE; Schema: public; Owner: db_user
--

CREATE TABLE public.auth_user_groups (
    id bigint NOT NULL,
    user_id integer NOT NULL,
    group_id integer NOT NULL
);


ALTER TABLE public.auth_user_groups OWNER TO db_user;

--
-- Name: auth_user_groups_id_seq; Type: SEQUENCE; Schema: public; Owner: db_user
--

ALTER TABLE public.auth_user_groups ALTER COLUMN id ADD GENERATED BY DEFAULT AS IDENTITY (
    SEQUENCE NAME public.auth_user_groups_id_seq
    START WITH 1
    INCREMENT BY 1
    NO MINVALUE
    NO MAXVALUE
    CACHE 1
);


--
-- Name: auth_user_id_seq; Type: SEQUENCE; Schema: public; Owner: db_user
--

ALTER TABLE public.auth_user ALTER COLUMN id ADD GENERATED BY DEFAULT AS IDENTITY (
    SEQUENCE NAME public.auth_user_id_seq
    START WITH 1
    INCREMENT BY 1
    NO MINVALUE
    NO MAXVALUE
    CACHE 1
);


--
-- Name: auth_user_user_permissions; Type: TABLE; Schema: public; Owner: db_user
--

CREATE TABLE public.auth_user_user_permissions (
    id bigint NOT NULL,
    user_id integer NOT NULL,
    permission_id integer NOT NULL
);


ALTER TABLE public.auth_user_user_permissions OWNER TO db_user;

--
-- Name: auth_user_user_permissions_id_seq; Type: SEQUENCE; Schema: public; Owner: db_user
--

ALTER TABLE public.auth_user_user_permissions ALTER COLUMN id ADD GENERATED BY DEFAULT AS IDENTITY (
    SEQUENCE NAME public.auth_user_user_permissions_id_seq
    START WITH 1
    INCREMENT BY 1
    NO MINVALUE
    NO MAXVALUE
    CACHE 1
);


--
-- Name: django_admin_log; Type: TABLE; Schema: public; Owner: db_user
--

CREATE TABLE public.django_admin_log (
    id integer NOT NULL,
    action_time timestamp with time zone NOT NULL,
    object_id text,
    object_repr character varying(200) NOT NULL,
    action_flag smallint NOT NULL,
    change_message text NOT NULL,
    content_type_id integer,
    user_id integer NOT NULL,
    CONSTRAINT django_admin_log_action_flag_check CHECK ((action_flag >= 0))
);


ALTER TABLE public.django_admin_log OWNER TO db_user;

--
-- Name: django_admin_log_id_seq; Type: SEQUENCE; Schema: public; Owner: db_user
--

ALTER TABLE public.django_admin_log ALTER COLUMN id ADD GENERATED BY DEFAULT AS IDENTITY (
    SEQUENCE NAME public.django_admin_log_id_seq
    START WITH 1
    INCREMENT BY 1
    NO MINVALUE
    NO MAXVALUE
    CACHE 1
);


--
-- Name: django_content_type; Type: TABLE; Schema: public; Owner: db_user
--

CREATE TABLE public.django_content_type (
    id integer NOT NULL,
    app_label character varying(100) NOT NULL,
    model character varying(100) NOT NULL
);


ALTER TABLE public.django_content_type OWNER TO db_user;

--
-- Name: django_content_type_id_seq; Type: SEQUENCE; Schema: public; Owner: db_user
--

ALTER TABLE public.django_content_type ALTER COLUMN id ADD GENERATED BY DEFAULT AS IDENTITY (
    SEQUENCE NAME public.django_content_type_id_seq
    START WITH 1
    INCREMENT BY 1
    NO MINVALUE
    NO MAXVALUE
    CACHE 1
);


--
-- Name: django_migrations; Type: TABLE; Schema: public; Owner: db_user
--

CREATE TABLE public.django_migrations (
    id bigint NOT NULL,
    app character varying(255) NOT NULL,
    name character varying(255) NOT NULL,
    applied timestamp with time zone NOT NULL
);


ALTER TABLE public.django_migrations OWNER TO db_user;

--
-- Name: django_migrations_id_seq; Type: SEQUENCE; Schema: public; Owner: db_user
--

ALTER TABLE public.django_migrations ALTER COLUMN id ADD GENERATED BY DEFAULT AS IDENTITY (
    SEQUENCE NAME public.django_migrations_id_seq
    START WITH 1
    INCREMENT BY 1
    NO MINVALUE
    NO MAXVALUE
    CACHE 1
);


--
-- Name: django_session; Type: TABLE; Schema: public; Owner: db_user
--

CREATE TABLE public.django_session (
    session_key character varying(40) NOT NULL,
    session_data text NOT NULL,
    expire_date timestamp with time zone NOT NULL
);


ALTER TABLE public.django_session OWNER TO db_user;

--
-- Name: messages; Type: TABLE; Schema: public; Owner: db_user
--

CREATE TABLE public.messages (
    id integer NOT NULL,
    message_id bigint NOT NULL,
    text text NOT NULL,
    user_id bigint NOT NULL,
    direction character varying(6) NOT NULL
);


ALTER TABLE public.messages OWNER TO db_user;

--
-- Name: messages_id_seq; Type: SEQUENCE; Schema: public; Owner: db_user
--

CREATE SEQUENCE public.messages_id_seq
    AS integer
    START WITH 1
    INCREMENT BY 1
    NO MINVALUE
    NO MAXVALUE
    CACHE 1;


ALTER TABLE public.messages_id_seq OWNER TO db_user;

--
-- Name: messages_id_seq; Type: SEQUENCE OWNED BY; Schema: public; Owner: db_user
--

ALTER SEQUENCE public.messages_id_seq OWNED BY public.messages.id;


--
-- Name: users; Type: TABLE; Schema: public; Owner: db_user
--

CREATE TABLE public.users (
    id integer NOT NULL,
    tg_id bigint NOT NULL,
    is_bot boolean,
    username character varying(128),
    first_name character varying(64),
    last_name character varying(64)
);


ALTER TABLE public.users OWNER TO db_user;

--
-- Name: users_id_seq; Type: SEQUENCE; Schema: public; Owner: db_user
--

CREATE SEQUENCE public.users_id_seq
    AS integer
    START WITH 1
    INCREMENT BY 1
    NO MINVALUE
    NO MAXVALUE
    CACHE 1;


ALTER TABLE public.users_id_seq OWNER TO db_user;

--
-- Name: users_id_seq; Type: SEQUENCE OWNED BY; Schema: public; Owner: db_user
--

ALTER SEQUENCE public.users_id_seq OWNED BY public.users.id;


--
-- Name: messages id; Type: DEFAULT; Schema: public; Owner: db_user
--

ALTER TABLE ONLY public.messages ALTER COLUMN id SET DEFAULT nextval('public.messages_id_seq'::regclass);


--
-- Name: users id; Type: DEFAULT; Schema: public; Owner: db_user
--

ALTER TABLE ONLY public.users ALTER COLUMN id SET DEFAULT nextval('public.users_id_seq'::regclass);


--
-- Data for Name: auth_group; Type: TABLE DATA; Schema: public; Owner: db_user
--

COPY public.auth_group (id, name) FROM stdin;
\.


--
-- Data for Name: auth_group_permissions; Type: TABLE DATA; Schema: public; Owner: db_user
--

COPY public.auth_group_permissions (id, group_id, permission_id) FROM stdin;
\.


--
-- Data for Name: auth_permission; Type: TABLE DATA; Schema: public; Owner: db_user
--

COPY public.auth_permission (id, name, content_type_id, codename) FROM stdin;
1	Can add log entry	1	add_logentry
2	Can change log entry	1	change_logentry
3	Can delete log entry	1	delete_logentry
4	Can view log entry	1	view_logentry
5	Can add permission	2	add_permission
6	Can change permission	2	change_permission
7	Can delete permission	2	delete_permission
8	Can view permission	2	view_permission
9	Can add group	3	add_group
10	Can change group	3	change_group
11	Can delete group	3	delete_group
12	Can view group	3	view_group
13	Can add user	4	add_user
14	Can change user	4	change_user
15	Can delete user	4	delete_user
16	Can view user	4	view_user
17	Can add content type	5	add_contenttype
18	Can change content type	5	change_contenttype
19	Can delete content type	5	delete_contenttype
20	Can view content type	5	view_contenttype
21	Can add session	6	add_session
22	Can change session	6	change_session
23	Can delete session	6	delete_session
24	Can view session	6	view_session
\.


--
-- Data for Name: auth_user; Type: TABLE DATA; Schema: public; Owner: db_user
--

COPY public.auth_user (id, password, last_login, is_superuser, username, first_name, last_name, email, is_staff, is_active, date_joined) FROM stdin;
1	pbkdf2_sha256$390000$m4wC01DVTLdudfIulxRoSC$UNmq7RxM2R2LG3wJZIMWNsidWGY0KK5eTFH//F6O6Ws=	2022-09-21 13:44:05.016247+00	t	admin				t	t	2022-09-21 13:43:50.398757+00
\.


--
-- Data for Name: auth_user_groups; Type: TABLE DATA; Schema: public; Owner: db_user
--

COPY public.auth_user_groups (id, user_id, group_id) FROM stdin;
\.


--
-- Data for Name: auth_user_user_permissions; Type: TABLE DATA; Schema: public; Owner: db_user
--

COPY public.auth_user_user_permissions (id, user_id, permission_id) FROM stdin;
\.


--
-- Data for Name: django_admin_log; Type: TABLE DATA; Schema: public; Owner: db_user
--

COPY public.django_admin_log (id, action_time, object_id, object_repr, action_flag, change_message, content_type_id, user_id) FROM stdin;
\.


--
-- Data for Name: django_content_type; Type: TABLE DATA; Schema: public; Owner: db_user
--

COPY public.django_content_type (id, app_label, model) FROM stdin;
1	admin	logentry
2	auth	permission
3	auth	group
4	auth	user
5	contenttypes	contenttype
6	sessions	session
\.


--
-- Data for Name: django_migrations; Type: TABLE DATA; Schema: public; Owner: db_user
--

COPY public.django_migrations (id, app, name, applied) FROM stdin;
1	contenttypes	0001_initial	2022-09-21 13:43:09.594928+00
2	auth	0001_initial	2022-09-21 13:43:09.741466+00
3	admin	0001_initial	2022-09-21 13:43:09.782303+00
4	admin	0002_logentry_remove_auto_add	2022-09-21 13:43:09.794398+00
5	admin	0003_logentry_add_action_flag_choices	2022-09-21 13:43:09.812263+00
6	contenttypes	0002_remove_content_type_name	2022-09-21 13:43:09.836083+00
7	auth	0002_alter_permission_name_max_length	2022-09-21 13:43:09.852649+00
8	auth	0003_alter_user_email_max_length	2022-09-21 13:43:09.868137+00
9	auth	0004_alter_user_username_opts	2022-09-21 13:43:09.880856+00
10	auth	0005_alter_user_last_login_null	2022-09-21 13:43:09.896039+00
11	auth	0006_require_contenttypes_0002	2022-09-21 13:43:09.905219+00
12	auth	0007_alter_validators_add_error_messages	2022-09-21 13:43:09.918683+00
13	auth	0008_alter_user_username_max_length	2022-09-21 13:43:09.943233+00
14	auth	0009_alter_user_last_name_max_length	2022-09-21 13:43:09.958365+00
15	auth	0010_alter_group_name_max_length	2022-09-21 13:43:09.97677+00
16	auth	0011_update_proxy_permissions	2022-09-21 13:43:09.990135+00
17	auth	0012_alter_user_first_name_max_length	2022-09-21 13:43:10.007906+00
18	sessions	0001_initial	2022-09-21 13:43:10.036315+00
\.


--
-- Data for Name: django_session; Type: TABLE DATA; Schema: public; Owner: db_user
--

COPY public.django_session (session_key, session_data, expire_date) FROM stdin;
94yq0k5eyguo6dv3b1iuf54norr4n0m5	.eJxVjMEOwiAQRP-FsyELQhc8evcbCAuLVA1NSnsy_rtt0oPOcd6beYsQ16WGtfMcxiwuQonTb0cxPbntID9iu08yTW2ZR5K7Ig_a5W3K_Loe7t9Bjb1ua58oIlhwlvzZIaNSjgcCnwC0KsVZHgyxQe25GHLoMTq1RXtlLJD4fAHGvDa9:1ob01F:l3V_nbwURhJdDgCjRlIRhFYAAvgFHK0n4CfvIkgLn00	2022-10-05 13:44:05.019921+00
\.


--
-- Data for Name: messages; Type: TABLE DATA; Schema: public; Owner: db_user
--

COPY public.messages (id, message_id, text, user_id, direction) FROM stdin;
1	100177358	Work war result.	116339760	to
2	849286583	Kid old financial happen kitchen green least trip ability medical live sound.	484427230	to
3	290628698	Also better often wonder technology like garden.	113283145	to
4	967119333	Walk finally new material also.	577619293	to
5	424948949	Myself one experience line actually.	650464291	from
6	597513026	Go city special beat less without other ready food magazine.	844950621	from
7	660620550	Decide tend while ok agree voice young life news blue everyone audience travel wish very couple.	862782134	from
8	782713393	Player number wrong field pass speak.	475001886	from
9	486041768	Movement act available board purpose.	109484436	to
10	396880972	Skin PM them.	649653793	to
11	428316120	Doctor identify carry prove give look financial city your ten do.	901477890	from
12	256036900	Store actually people cup old region.	895432870	to
13	788738448	Age professor relate music.	625823677	to
14	138371108	Join three game owner year husband cell boy establish.	839497439	from
15	679324245	Wrong pass might develop.	839497439	from
16	748334061	Agent economic hard people during health.	297675154	from
17	988107867	Other job key party across provide from bill mind plant.	747568622	from
18	489011538	Paper must other set father hard ball against ago.	735968694	from
19	387774374	Available argue phone will.	832642614	to
20	808926138	Social agreement happen black.	563500183	from
21	752163316	Difference reality finally different star quality each animal part no whatever.	684449577	to
22	901645544	Bar quite letter us property then.	253692283	to
23	959662079	Owner national would local social worker office capital try how foot money economy direction college.	692372997	from
24	780110856	Early agree effort second ahead population.	632116757	to
25	773632194	Phone pull affect food offer bank catch such hope pull.	408568387	from
26	992783280	End participant something capital dark democratic compare.	310873930	to
27	707968190	Board happy free happy week.	220049082	to
28	627093323	Product cut able these start area manage which off shoulder.	948112920	from
29	244405321	Half development live himself floor shoulder Mr.	242728807	to
30	185348147	Discuss level big number research trade international several meet marriage.	747568622	from
31	777911823	Particular law interesting when.	549914287	to
32	501982796	Firm perhaps where lead stand ball.	113283145	from
33	472224499	Operation laugh remain front resource by night have board tree according explain fear class.	643379171	from
34	347993456	Dog television wish keep parent pull well arrive something realize.	301432761	from
35	831806717	Serve audience test guy exactly still drug act soon physical but.	996020852	to
36	121004405	Which real represent realize require sing.	895780360	from
37	638508072	Man pressure check shake decide radio develop.	705993365	to
38	903955717	Also popular agent season dinner.	527574887	from
39	371306593	Trip will democratic rock energy.	777959151	to
40	310809206	Know newspaper stop culture treatment that recently wall bed story.	445515011	to
41	762881772	Much option half painting serve there charge factor individual property we with.	988855703	from
42	160400975	Crime kitchen foot dark under your whole evidence tax itself travel summer.	682512266	to
43	597717761	Relate dream together interest buy send accept majority policy organization.	730475199	from
44	921632093	Across serious wife buy decision large realize professional fall level artist wide south down fill.	432743583	from
45	357214872	Why apply court third plant produce.	104540315	from
46	656957092	Option ahead have another where customer investment.	264515897	to
47	109240685	Size despite interesting painting find.	197748708	to
48	967390168	Attorney give heavy sing spend.	697725331	to
49	740144488	Subject among style poor arm middle watch.	675211361	from
50	362935914	Visit whole blue main off look toward another hear series.	740284217	from
51	265024649	City attention if fire along church red land partner lot cut guy idea.	298915489	to
52	902386277	Energy ok party.	948112920	to
53	699217809	Of writer black right difficult radio minute red.	217328899	to
54	313685953	Pattern local hour arm finally.	382232384	to
55	185457442	Whose network mother three always market teacher concern rich industry card.	944369438	to
56	976013568	Else beautiful social old stay believe than instead ahead discover result other write.	563500183	to
57	555370522	Whose production energy doctor score staff management may laugh bill.	740284217	from
58	290696322	Music none end member write even.	756073932	to
59	795210171	Pm lose enjoy process economic company live technology fund.	765221509	from
60	134644727	Consider crime let experience him save develop election have able mean modern create we.	199558172	to
61	243630569	Long within good kid positive over wonder response point hope seven purpose a.	221680242	to
62	733588655	Phone practice theory different resource forget population just most bill.	777959151	from
63	804378958	List entire nice accept policy since what become suffer.	264809703	from
64	377194652	Stock measure budget total resource plant to trade student away.	532578774	from
65	626467930	Current benefit throughout clear able manage hit seven agency ten exactly suffer loss.	160757579	to
66	323918801	Dark current another plan serious yet community.	143380206	to
67	668972916	Blue get couple be future issue live bring step may market event.	298836204	to
68	593066190	Second dinner case two street.	579107400	to
69	303395290	Research station simple ball.	799370043	from
70	780837589	Land exactly son wind.	313040302	to
71	123651842	Beautiful safe someone appear carry ahead.	756073932	to
72	429862758	Property talk physical baby grow environment war.	527574887	from
73	879047562	Design white or husband here serve whom seem fear water hundred mean.	680925920	from
74	502680082	School another until approach.	936190456	from
75	827339394	Possible life hear.	109484436	from
76	285777720	Respond sure structure edge in accept pull foot security ball worry.	957847431	from
77	799884693	Deal memory notice look various free they standard.	983747989	from
78	624962062	World my property imagine end institution major food land.	367461037	to
79	778597587	Various bar.	948112920	from
80	148027128	Democratic there responsibility shake inside perhaps way among which.	800302635	from
81	802629104	Everyone exist could his piece.	798830032	from
82	216788943	Foot really they million east party process ever skill.	445515011	from
83	436647547	Whether whom hard challenge decade world thousand specific whatever always.	279077015	from
84	799848374	Wide job girl treatment eye.	279077015	from
85	358779141	Each service gas.	844300738	from
86	238185617	Serve place win soldier picture case land tell theory building.	662991212	from
87	703022833	Blue pass recent operation control anyone hard feeling claim green school.	662991212	from
88	124808086	Food accept southern me although already couple our movie hour record ok land.	298836204	from
89	890070733	Road scene art take.	895670686	from
90	779779462	Approach size improve offer most show.	264515897	to
91	276607883	Simply feel late.	898542737	from
92	787369731	Nothing accept step resource wind.	197748708	to
93	934762284	Effort cultural peace prepare agreement network dog visit actually wide back.	926822449	from
94	650580627	Character charge town government her identify bed series morning prepare traditional.	728459062	from
95	965273519	Just respond central item against increase perform carry million before police hundred.	948112920	to
96	532520815	Writer certain according nature agreement shoulder public face market nothing end continue.	227988084	to
97	760293196	Authority tax fall huge news on boy green fill voice office practice cost participant tough.	823642760	to
98	384051770	Inside these trial quality interest game effort federal daughter.	328409604	from
99	198581943	Fund floor financial account respond economic quality free apply strategy whose magazine forward.	327701880	to
100	296453099	Artist pick service alone interview.	275870041	to
101	704064586	Into Republican bank here military discover design suddenly method much front.	109484436	to
102	837847465	Different school suggest war loss interesting.	558326274	from
103	808184470	Probably organization stand wonder spring into way.	848816931	to
104	761933441	Several human thing.	720368011	to
105	885013635	Yet enjoy simply institution go tend human network indeed drive early speech.	160757579	from
106	243236263	Benefit five wide trip specific huge dream movement land.	799406402	to
107	182132278	And market.	262542015	from
108	624922900	Alone include military read bank back plant body third stock serious maybe.	287577643	to
109	439463395	Treat off again part provide.	524933627	to
110	487124219	Item improve example raise check.	387748323	from
111	462299699	Kid your be significant fish perform rest follow big day partner tree plan heavy.	577476121	to
112	626735569	Smile medical than senior teacher wide society nation.	408568387	to
113	551628059	Cost grow maintain son current sell.	645930495	from
114	324570466	Wear tree PM reflect remember four will course relate.	632116757	from
115	691336666	Race impact effect three story room training admit.	691105116	to
116	161434049	Important time put.	943954756	to
117	147306141	First expert who oil across remain.	125965775	to
118	731543729	Meet culture hundred.	925760975	from
119	370490017	Someone discuss near seven late worry.	900132824	to
120	285954399	Painting nation current successful director.	798830032	from
121	258992018	Me first lead ask save relate couple bank.	122761397	from
122	891952272	Star design present.	862782134	to
123	833235449	Knowledge up worker girl.	421479578	to
124	653518729	Adult ahead sound begin.	777959151	to
125	572375580	Second out drug paper poor order kind tonight hair science education.	221562209	from
126	732285951	Teacher sea TV.	313040302	from
127	505625273	Owner rise wish call draw.	983747989	to
128	889007741	World skin his near Democrat direction add discuss natural Congress certain way standard.	680925920	from
129	431912902	Fill pick measure bill trouble performance blue truth remain home example.	424719372	to
130	120380906	Blood walk require message.	798830032	to
131	928934572	Whatever material worker recently service.	735968694	from
132	487244118	Some me increase that particular international you across learn its subject prove method.	643379171	to
133	121347222	Include impact reduce exactly window range sign involve peace you generation significant store no effect shoulder.	898542737	to
134	353301329	Work over politics charge various economy project hold eight interesting threat behind foot.	813647120	to
135	476340422	Prove record imagine bar already reveal if task market administration common draw public.	564450043	from
136	855064390	Rather style professor decade general place thank shake resource might about interest.	575914832	to
137	830566481	Health worker impact happen always.	486894975	from
138	367088810	Music job high name notice believe.	645959145	from
139	285029025	Money prepare art leader.	728459062	from
140	188724208	Place cultural hold pretty number.	297675154	from
141	917875551	Reason quality be important throughout grow.	367461037	from
142	458521845	Receive right federal wide city kind lot mother finish that.	432743583	to
143	646246516	Mission finish later yard property television.	587243384	to
144	289757029	Again page sense system office take question fund strong draw management where.	932473030	to
145	497439381	Media fast minute late beautiful art population actually.	832642614	from
146	548040585	Factor radio car moment store special between fear cut trial ever make everyone.	558326274	to
147	278894316	Idea cover easy respond course.	386616117	from
148	992082162	Through him others bring here author image.	848816931	to
149	684796859	For enter describe despite bring.	470260475	to
150	878529101	Care design safe story social son.	347316753	to
151	199608536	Major guy voice world reality computer.	398836414	to
152	617321480	Bring particular design soldier type admit not performance listen player.	625823677	from
153	621145653	Statement collection bill hour physical tax.	895090552	from
154	558434484	Product probably floor popular option.	735545222	to
155	188076182	Paper offer low person never participant.	719931070	from
156	909503983	Instead once business building impact live.	789272937	from
157	133271623	Only nature southern help share.	606478684	from
158	435975087	Company decision mission fear lose work agent class push.	449098543	to
159	317623189	Around if loss listen single next deep.	251238319	to
160	477176286	Hundred else state law public these step we ask rise court college.	262542015	from
161	634874385	Face center success citizen education catch.	255281603	to
162	555068480	Artist live better than staff minute provide.	789272937	from
163	672531913	Herself sing heart hot nation operation someone.	532578774	from
164	413351353	Much natural nothing street almost oil would himself.	606478684	from
165	758142572	Yeah weight campaign peace site which simply do.	567209696	to
166	689019054	He well I reach official page.	328409604	from
167	121160236	Paper kind fire yet happen kitchen.	994623544	to
168	510817879	Run program check three story receive war.	716300451	from
169	333696077	Child she artist experience finish view close sell order continue ability.	563500183	from
170	631124010	Interest hit follow security building establish teacher sense provide.	286823451	from
171	436351038	Activity detail station direction by television blue level tell senior until agreement director.	217328899	to
172	682647196	Want gun factor.	607312788	from
173	810433734	Similar price blood group special.	260916702	to
174	936169583	Finally authority crime response.	298915489	from
175	410829720	Late here commercial executive its.	740284217	from
176	703874690	Cover one education among college ask away bring build require.	996020852	to
177	677714042	Tv discussion current face sound decide enough word.	860788482	from
178	475776439	Beautiful hair hard yeah loss exist.	925760975	to
179	442210861	Explain class read dog training.	264515897	from
180	811914715	Situation health create time there while.	647568119	to
181	240112767	With identify.	936190456	from
182	994178794	Much office director news blood citizen.	569444398	to
183	737865081	Face a clearly leave.	577619293	from
184	807991424	Health magazine set stock policy.	228130929	from
185	549537725	Enter real able she worry as.	111316364	from
186	720054987	Through ready spend guess.	907518570	from
187	286855137	Marriage then able relationship without culture.	200967142	from
188	547312405	Wall suddenly question training no truth stock prepare it manager mind.	111316364	to
189	523036940	Ever unit may arrive people PM catch a.	925760975	from
190	789583714	War now ready catch adult program these.	332124181	from
191	386641239	Section expert tax son peace home.	562328003	from
192	478664606	Between turn reduce.	787264943	from
193	644644693	International be send live summer see.	386973453	from
194	593709242	Performance small popular decision think radio.	765221509	to
195	722943683	Right before land mind red plan relate whether loss we sort.	988855703	from
196	835257968	Grow court imagine case you may hotel play.	297675154	to
197	704488764	Moment affect environment Mr.	898542737	to
198	580082715	Home attention beautiful daughter.	994623544	from
199	723205722	Yourself statement movie husband future true third.	743862380	to
200	450791138	Myself pattern trade work high floor.	757311395	from
201	633802217	Recent from executive although side fight.	564138948	from
202	837917308	Money require speak time left still stock.	535168041	to
203	140342741	For nothing great year skin employee allow rule.	705993365	from
204	680602802	Land together quite cup note happen many.	622015134	to
205	359969821	Something forward together detail throw.	665891871	to
206	164310817	Store strong.	241962546	to
207	329170458	Decide conference particular actually drug attack professional response pass avoid.	957847431	to
208	165143682	Site strategy use series that quickly.	295896758	from
209	120780039	Pull choose exist well television sense clearly center information theory who public idea feel.	718409678	from
210	918582825	And group six travel quite choice loss teacher.	174261751	to
211	571761088	Run partner space teacher strong.	676557212	from
212	799117851	Task Mrs product.	815851576	from
213	150823613	Threat entire money medical on development enter.	720368011	to
214	616735353	Involve buy senior remain above professor history thought once.	143380206	to
215	283250324	Part use seek another west modern make wait hear.	959202369	to
216	863976226	College history make sister quality bag item away international.	575167883	from
217	995812615	South both assume interest ability college yes source.	634312025	from
218	454144114	Represent hair provide price security call operation edge probably.	606478684	to
219	169912260	Tv boy line.	421479578	to
220	124760034	Doctor people meeting prevent start.	832642614	to
221	992914243	Nice season store little eye factor over something growth west.	632116757	to
222	812426327	Friend decision relationship service nearly president media.	432743583	from
223	783220271	Lose although leave she how successful none project.	253692283	to
224	208327009	Analysis hope factor yeah name make board.	960033688	from
225	759117266	Piece would speak easy rise culture quite edge body including boy.	486894975	to
226	951700320	Community from old nor yard whatever stand cause.	332124181	from
227	407524351	Most miss seek response site politics good describe.	174261751	to
228	256728049	Consumer fall stay wide PM page himself knowledge bill choice successful.	594397032	to
229	686283671	Lot ok issue recognize sure when some.	845418298	to
230	168176583	Range seat big agent system someone bank part budget.	242699651	from
231	728404459	Design your investment major answer leader.	943327180	to
232	121745967	Movement focus including example Congress west continue share.	528708944	from
233	625587750	Foreign box provide but watch.	895780360	from
234	120417367	Treat consumer expect player.	787264943	from
235	730399923	Participant view low.	961783020	to
236	545906236	Music notice cold guess language century pressure enough soon stand have partner time.	799370043	to
237	581449703	Resource child environment trouble member build since.	771897009	to
238	355300372	Play hundred local night scientist play man.	755288415	from
239	558767902	Specific concern what she event gas fear technology ability.	408568387	from
240	142839095	Officer section expert fine after spring game until in middle four four best those score fine.	488404713	to
241	349654857	Involve must improve want right action usually show.	386973453	to
242	261405515	Mother scientist reveal always.	767082235	to
243	334411328	Front require market field decision one letter food but page pay.	381524488	from
244	122457871	Claim away thing lawyer call.	719931070	from
245	432435455	Military discover more several safe.	763027180	to
246	386560682	Happy avoid evening.	583303486	to
247	854837595	Box public establish church international owner current administration it hotel six.	536849395	from
248	873484209	Early lead clearly allow father truth stay positive politics music less rest.	706853736	to
249	139347383	Him body put simple assume bad where sign.	579107400	to
250	767330253	Teacher spend stay race compare.	716300451	to
251	755243685	Decade answer hope effort each role white later that.	735545222	from
252	960730973	Yes how plan stay consider front phone.	563500183	to
253	885428680	Always up group site real since ask position certainly ability movement home away yourself.	957347405	from
254	263792659	Director week person local.	702343218	from
255	964466957	Make remember space grow customer consumer move boy history wall ask never draw view.	692372997	to
256	865194675	Attack order fear war control imagine tend.	986078662	to
257	338327579	Statement deep who class crime become significant understand involve.	622015134	from
258	461336721	True serve find report organization hear figure.	665891871	from
259	217068025	Treatment spend still receive officer pressure personal write.	355248194	to
260	488605149	Different result true picture believe remember sound let without soldier third west grow.	991742661	from
261	398769942	Ten coach budget account accept away plan discuss next hour wait look couple.	804760146	from
262	545119061	Base business cold guess although at.	186711761	to
263	316275269	Board chair very four character way real nearly fight.	677477296	to
264	127892070	Analysis join reason drop change way candidate box area power.	470260475	from
265	917009861	Remember have cultural room whatever.	183512874	to
266	927966033	Personal model course read white.	228130929	from
267	363500973	Pick and big page group movie control safe.	107475499	from
268	963291982	Read international four baby.	756073932	to
269	858770590	Eye long grow owner ground house main.	676557212	to
270	726743584	Year direction floor design.	991742661	from
271	996375650	Whether red teacher southern space spend we.	449098543	from
272	320825537	Take white page conference go especially.	286823451	from
273	599888023	Keep into sense.	952267383	from
274	434979680	Others under so single nature bank drive.	414591774	to
275	806673299	Standard article herself seem these group.	767082235	to
276	186071724	Old he right hot seat test.	186711761	to
277	231865114	Tough development take team simple push meeting responsibility four.	412584026	from
278	501403153	Together by radio talk though about open rule.	705993365	from
279	587024163	Production particular industry society usually hot fight animal career anything radio free skill chance.	671764777	from
280	366137142	Third treatment war make cultural summer first drive past speech.	757311395	from
281	705207417	A arrive political.	953685201	to
282	239080550	Manager his season put foreign fact.	815851576	to
283	145765125	Despite world mission large piece surface.	650464291	from
284	333443931	Recent rest stage let responsibility candidate see.	163423078	to
285	772467405	Fish special physical life enough.	365850320	from
286	509872740	Cover lawyer tree.	925760975	from
287	986768418	Door very old wall find structure go receive account.	262542015	from
288	913211804	Such reflect course however street claim thank property.	295896758	to
289	383190326	Thousand fine happen however figure important run make.	895090552	from
290	832860631	Several yes project father side almost well address day degree.	220049082	from
291	820090135	Painting business level there author ability loss now even drive manager other modern.	186711761	from
292	859581370	Side cup care expect order grow example let carry total everyone.	953685201	to
293	292604065	Between professor matter must anything chance other own blood important.	936190456	from
294	102657231	Receive catch certain rock report something interesting performance strong seek history happen conference indeed.	532578774	from
295	264262406	Couple pay example.	105850385	from
296	869376200	Language choice cell garden win else school Republican.	793868090	to
297	446278738	Reality sit reveal.	649653793	to
298	369449580	Father those international girl machine majority.	832642614	from
299	455251573	Still general would consider include long try fight east.	677477296	from
300	598718335	Resource structure street also crime message near name.	293216653	to
301	204775519	Scene likely name city term identify.	535168041	from
302	357584377	Play fast science institution strategy throw.	996020852	from
303	270167363	Sing behavior serious contain dark.	952267383	to
304	765051458	Run information case responsibility number free rest help husband American down.	564450043	to
305	164751945	Effort write often manager story.	763027180	from
306	303261306	Word all class skill issue fast direction.	825974773	to
307	624235186	She player talk according determine future forward.	747568622	to
308	367848621	Month describe leader age.	280108025	from
309	315516595	Fear him paper budget.	800302635	from
310	599988564	Happen draw personal order.	606478684	to
311	357585806	Institution not public thank owner television material me hit memory popular Republican high course item play.	848816931	to
312	751738574	Ball more test station painting.	259947881	to
313	640118001	Serious player sell family only break campaign behind rise.	585983769	from
314	603945568	Pattern shoulder turn.	149468995	to
315	363937025	Company financial building tree sure from also.	652138387	from
316	618513721	Finish of candidate budget grow threat enter situation friend.	295896758	to
317	339983055	Fund control how paper road might opportunity government plant time late.	484427230	to
318	587285463	Act forward subject hair never customer hope individual move action view level performance least environment.	988855703	to
319	843633684	Expect music maybe environmental call short during sing practice south discover ahead us hundred.	159685714	from
320	880198266	Political trade news long.	684449577	from
321	139614166	However civil challenge get enter early despite.	960033688	from
322	902665334	Technology simple chance test south TV true allow culture what.	532578774	from
323	864925826	Spring to learn address team Congress beat more.	943954756	to
324	681862058	Happy film have describe buy western than environment.	697725331	to
325	158332064	Wrong consumer reality tell up mission soldier this student son help hour inside store.	475001886	to
326	281958607	Middle growth wrong recently rise billion opportunity nation.	705993365	to
327	149024496	Inside training coach common.	228130929	from
328	713395584	Nothing role husband century truth action shake everything question rise buy statement customer.	756073932	to
329	734351937	Care person religious bank.	839497439	from
330	376351301	Attorney cause trip on threat thus police management one situation environment theory.	484427230	from
331	538177173	Camera plan night buy.	491212336	to
332	282255813	Store myself where dark.	143380206	from
333	534470035	Across quickly fund grow check heavy itself.	806470629	to
334	929073694	Drive loss whole feeling ok help around.	125965775	from
335	235866678	Paper attorney box crime.	960121880	to
336	623474268	Loss rock sport arm executive rather wrong where hour trade then practice their.	190093383	to
337	705113922	Kind fly central see better.	312251620	to
338	986573327	Together too interesting watch.	700367216	to
339	523579666	Church speech record if dinner natural anyone.	213268928	to
340	490691515	She notice hand staff son short.	567209696	from
341	773712373	Relate eight method enjoy machine quality.	993756845	from
342	872890662	Represent point collection charge raise best personal television safe.	632116757	to
343	709727203	Into same act its political red commercial item responsibility social usually clearly speech tell box.	111316364	to
344	759402357	Across fly social way piece offer they only assume about.	217328899	from
345	277132701	Leader important wide walk need.	327701880	from
346	491417088	Culture discover century far nor wait nor north.	636099441	to
347	850478334	Theory decade free institution reveal control section.	242728807	from
348	263949627	Hospital it toward both study store.	747568622	from
349	436776127	Meeting up whether contain call nature whatever just government data citizen.	756073932	from
350	173691276	Open character look could color author weight make country.	564450043	from
351	614693258	Big edge dinner wonder inside factor consumer north possible.	491212336	from
352	594000356	Almost short could machine develop challenge other head enough.	197748708	to
353	346526011	Role whose something someone increase black ten represent happy behavior.	799406402	to
354	306981253	Under group peace matter great Mrs everyone effort Mr money hope.	367461037	from
355	113242103	Special fly night important.	994623544	from
356	303715668	Car citizen author while position.	583303486	to
357	333014764	Leader technology.	455294119	from
358	346835670	Space across special office read miss audience Mrs mean possible music little since compare.	800302635	from
359	171760896	Rather direction truth out.	470260475	from
360	343000008	Theory term painting close.	757311395	from
361	984072345	Green try religious run through out.	242728807	to
362	260210023	Son up lose campaign dream available group again.	872084597	from
363	904765918	Fill require effect entire end decide indicate offer seven when.	959202369	to
364	143966184	Fund health make leg before.	287374495	to
365	701142238	Chance system would seat us food subject across goal direction.	365850320	from
366	173564031	Wait suffer anyone class fire determine kid.	943327180	to
367	360599015	Nothing red door identify it significant field consider the great business agreement.	445515011	to
368	673818063	Produce western think TV body might.	567209696	from
369	914346926	Rather follow contain protect.	813647120	to
370	173066665	Teacher mouth anything.	405449738	to
371	363894795	Already wear expect party wife PM relate professional.	286823451	to
372	918438991	Expert particularly social enter subject.	741009956	to
373	479004132	Let civil.	793868090	to
374	929042863	I old dog consider these huge off suffer last add.	488404713	from
375	687508533	Future ground research section enough the note.	925760975	from
376	663605330	Size note one individual federal.	741009956	to
377	941967663	Loss growth off various.	296529941	from
378	604577798	Wall effect can decision majority accept item business everyone paper.	190093383	from
379	851714633	Morning similar evidence any.	988855703	to
380	219111367	Hundred behavior affect sort health cell method subject by brother try something.	104540315	to
381	974415181	Pressure issue research reduce at however.	932473030	from
382	303779510	Describe commercial girl week better parent hand do dark.	716347349	from
383	813284700	Hour pick amount away since pattern.	301432761	from
384	914199491	Test alone physical Mrs.	355248194	from
385	972418147	Rule perhaps down manager animal only let color focus from.	682512266	from
386	331169118	Model wind child listen last major ahead them.	608516837	to
387	953959523	Performance how land station drive student likely.	449098543	from
388	726392088	Nice system mission security position wall between boy citizen behind money suffer employee however.	279077015	to
389	442789036	Avoid when collection miss off project whole around road two.	484559857	from
390	842828868	Car spring nature east gun treat billion school Republican ok you operation teach himself Democrat.	684449577	to
391	447635994	Use Mr apply I.	355248194	from
392	571641244	Fact go chair my million social sound own under others my police.	650464291	from
393	154009731	Pattern economic their tough response tell will learn federal teacher.	122761397	to
394	375248696	Edge real employee respond.	505413315	to
395	209981868	Thus mean very civil both.	608516837	from
396	133323409	North growth spend sport board together.	562328003	from
397	645958046	Summer impact perhaps single human southern.	200967142	to
398	418918704	Party ground worry able.	926822449	to
399	932406250	Everyone teacher marriage.	286823451	to
400	236180834	Suddenly myself example avoid.	312251620	to
401	988716768	Wide simple decide day.	594397032	from
402	271744276	Land international be stuff those push assume.	607312788	from
403	823984830	Involve pull nearly many today offer machine wind consumer.	671764777	from
404	664250618	Door nearly perform artist attack agent their particular strategy.	174261751	to
405	755728116	How small power.	386330695	to
406	957403600	Interview positive condition issue people news relate unit safe.	455294119	from
407	979684890	Scene account kitchen seem.	535168041	to
408	770820358	Class prepare recent those much describe his oil ready life.	768519619	to
409	534081990	Talk point these fast behind would moment course way party air.	160757579	to
410	605708941	A wonder throughout over maintain voice artist focus effect discover.	328409604	from
411	195548951	Interview reach nation note dark kid.	767536146	to
412	326316689	Mother issue moment sister.	895432870	from
413	987760909	Participant green process entire about necessary evidence rate challenge public production huge million.	568739598	from
414	897456765	Development with report table.	567209696	to
415	382666472	Business laugh practice account same also business pass vote everything thousand.	645930495	to
416	518302514	Stage health fast protect read long deal.	932473030	to
417	408202217	Skill trial anyone crime population since in there whom card environment young might.	860788482	to
418	670841921	Skin former particularly.	484559857	from
419	339277013	Size small create executive leader particular.	111316364	to
420	334796499	Power as hope catch drop fish important.	692372997	from
421	229001246	Yard development necessary participant left check.	622015134	from
422	634803129	Fight seat per should southern go federal best bring offer.	355248194	to
423	959937691	Thus baby system method else feeling purpose.	907518570	to
424	358412020	Someone picture represent increase capital fish difference store drive receive.	287577643	to
425	693038009	Large seem opportunity word.	111127674	to
426	599464286	Thousand civil place.	720368011	from
427	743481758	Must truth service scene.	470260475	to
428	906339987	Box write one reality person.	237716261	from
429	934497541	Home organization thing out impact fine election camera factor.	842578429	to
430	618948573	Control expert between account she picture.	109754165	from
431	449923337	Right marriage card reflect.	996020852	to
432	254139507	Administration decision.	398836414	to
433	277979081	While happen example he sit more new talk political husband.	960121880	from
434	511136441	Thousand somebody drug treat.	926777757	from
435	282381472	Pressure practice cause cold within despite.	901477890	to
436	630217419	Reduce alone start issue every represent perform over phone piece accept quality campaign.	234926011	from
437	284352782	Story stuff bill those.	919535535	to
438	899460499	When large realize wide in.	898542737	from
439	200545951	Yeah but gas history difference.	193174833	from
440	397596433	Operation particularly reduce thought chair probably minute side someone sport yeah rule.	220049082	to
441	559623612	Later high nice painting eight body control hope.	796276143	to
442	843761731	Particular but inside account well social reality audience rather.	720368011	to
443	756028861	Let generation stage stay quite.	316942011	from
444	449061973	Ahead she owner house daughter general man from magazine dinner professional trouble.	733701764	from
445	631428607	Best production when win.	143380206	to
446	897722018	Trial place tough lead and team professional.	355248194	from
447	717372393	Approach stand account bit quite her north.	728459062	from
448	598697345	Buy hold anyone rate it school put name style.	113283145	from
449	199762034	Especially business policy man benefit quickly thousand activity natural memory generation bill.	491212336	to
450	351124867	Just there be.	728459062	from
451	645143184	Bit able customer or how for.	404842077	from
452	719942340	Outside where indeed discussion.	662991212	from
453	747833983	Meet brother center young work.	107475499	from
454	725972187	Board community phone employee around suggest it hold.	386973453	from
455	540453456	Hope hospital buy require way.	255281603	from
456	458836563	How officer final service people nothing build finally tax three.	484559857	from
457	302047547	Rule whose trouble right safe rock.	832642614	to
458	243194886	Who few beyond father understand instead short.	427373643	to
459	301494701	West serious.	298836204	to
460	413047724	Case beautiful century talk.	944369438	from
461	514641766	Discussion PM paper career author exist side public ground between.	527574887	to
462	909196300	For and even possible season test ago at company site go beautiful.	564138948	from
463	604457741	Cold allow sit figure number read.	250132959	from
464	939845865	Effort choose she type manager fund but.	756073932	to
465	477043918	Line leg suddenly language science happen without go painting amount attention including similar someone its life.	104540315	from
466	938900270	Argue word.	200967142	from
467	574388985	Hair recognize similar be shoulder.	632116757	to
468	137494083	Per gas third stop field avoid between land color.	806470629	to
469	674907916	They week.	740284217	to
470	685658497	Article positive despite easy decide.	111127674	from
471	500651719	Health action.	181916212	to
472	197108577	Present bed president coach region resource form build.	227469332	to
473	441028198	Generation soon culture former religious.	125965775	from
474	148541601	Particularly his first half national.	412584026	to
475	815837852	Step because experience easy.	388850053	from
476	338092785	Mother she walk always score available government treatment herself.	577476121	from
477	569847923	Have size smile way with data through region animal study.	730475199	to
478	284226606	Police sing throughout tell yet appear under for evidence usually plan.	627996861	from
479	217557607	About school draw price.	109754165	from
480	351644105	Particularly sea report heart particular send money travel.	313694709	to
481	957852127	Before she society community style.	747124219	from
482	412919190	Skin might important yeah.	844950621	from
483	736833894	Performance mind decide morning movement few small end.	934366104	from
484	785175839	Town people cause information entire.	806470629	from
485	908360238	Night part staff goal institution catch.	647568119	to
486	561190244	Shake forward star serve life past.	455294119	from
487	753956065	Trip treat nothing black important child.	936190456	from
488	231181118	Since religious measure course cup.	665891871	from
489	726095929	Article watch local agreement lawyer relationship through white.	568739598	from
490	789249449	Front the agency help loss their.	287577643	to
491	675937235	Hear join over process job home way artist above low health write he discussion case.	334001934	from
492	283780101	Again book citizen director fire despite again.	793868090	from
493	421259730	Report per those though away clearly learn.	568739598	from
494	536108405	Most discussion movement myself summer act center effect final when PM.	287146889	from
495	911209476	Vote film effort plan.	748485791	to
496	281058110	Democratic box provide born anyone.	932473030	to
497	531204728	Street glass despite meet skin lay sing or in any structure during.	716300451	to
498	297025438	Cut within build.	789272937	from
499	114234190	Talk street relate during.	287146889	to
500	209040110	Court drive happy success firm trade.	563500183	to
501	308039735	Nice car state.	794312551	to
502	604862302	Fly community recent executive push quite themselves.	844300738	from
503	342555143	Receive hospital particular second summer experience.	804760146	to
504	348190071	Song throughout it from southern political stock.	564138948	from
505	727445056	Financial people capital friend.	535168041	from
506	221354630	Strong anything not smile nice whatever research.	569444398	to
507	810333220	Near case anything majority entire account contain.	104540315	from
508	490784567	Significant per feel Mr want south with.	952267383	to
509	232844868	Blood bar bit cause choose only begin way.	587243384	from
510	413965215	Mention himself partner even million practice matter effort available.	376866627	to
511	323946644	Color before director but environmental garden place.	298836204	to
512	825805340	Project just east gas.	755288415	from
513	548924209	Stop enter sound military former student despite American.	116339760	to
514	313719761	Study young consumer past cup citizen game some quality include theory different.	763982824	to
515	399074130	Game radio improve natural protect boy.	379515033	from
516	883668883	Crime drug reveal since student surface.	470260475	from
517	385657936	Tend true project energy.	251546687	from
518	587294186	Next plan language lead include.	250132959	from
519	230888461	Design project inside military let what.	798830032	from
520	441931827	Save practice small just likely wife treatment voice her somebody.	959202369	to
521	800156498	Box information court sound open game dog small.	197748708	to
522	678511423	Account hope he responsibility fall stuff usually reflect practice certain various chance.	313040302	to
523	568555193	Increase top great method while.	535168041	to
524	874443519	Spend from bar weight fish.	705290677	from
525	560299229	Find almost president increase its place hair.	427373643	from
526	416204250	Same bar behind drive whole on upon often throughout old town any.	457153070	from
527	444571804	Herself example energy suggest close food.	122761397	to
528	505602084	Final size research rather they.	374931187	from
529	187629955	Yeah bring water person recognize follow.	756073932	from
530	851964682	Oil inside about west small tonight.	705290677	from
531	731464342	Image everything street discuss across moment.	577619293	to
532	351481523	Pm remain one find north west hope program every computer.	383032296	to
533	659992486	Court floor above think public company eye front enough.	957847431	from
534	767325822	Carry nor already boy accept movie.	680925920	to
535	313378268	Board decade place service others war lead third each him.	577619293	from
536	450448848	Drop space single continue guess.	405449738	to
537	648135663	Paper anything move until yourself social.	815851576	to
538	807663491	Total later medical experience.	926777757	from
539	375919998	Matter senior population gun contain yeah box recently.	328409604	to
540	873371987	Buy similar control production space.	932473030	from
541	556737270	Management development foot quickly because produce finish themselves.	710745257	from
542	130638646	Drug beautiful organization look structure for matter break.	295896758	to
543	324603629	Strong nation matter give tonight event station.	996020852	from
544	643730384	Detail herself music body top sit serious.	815851576	from
545	383885962	Newspaper amount market surface system executive indicate.	535168041	to
546	904613987	Detail future center yeah improve course economy someone near.	991742661	from
547	358409368	Information market since teacher benefit would very.	683825630	from
548	783481362	Control finally foreign without teacher traditional hospital threat phone risk lose.	575914832	to
549	764937291	International at field.	287577643	from
550	905125336	Police listen power building perform wall audience determine ability.	895090552	from
551	673986272	Main and best state thought sort once recent you apply represent trip something prevent.	934366104	from
552	839157930	Program continue own.	386330695	to
553	212508746	Art while realize artist kitchen finish catch beyond else.	228130929	from
554	162717441	Magazine technology will knowledge guy up within population performance.	301432761	from
555	135195445	Instead whose training fall become spring on material season.	425790597	from
556	171092320	Live less law oil.	901477890	to
557	501156853	None remember statement health experience individual professional there easy.	327701880	from
558	958989293	Only choose draw society outside eye be I reach fill west picture participant.	159685714	from
559	510439635	Agree want across test anyone account himself against our under Democrat fight.	798830032	from
560	430646563	Know fish of include imagine issue girl themselves.	926822449	to
561	931173960	Notice offer peace collection main pay rise author.	692372997	to
562	283413472	Me day card may claim individual.	823644920	from
563	671793705	Agent too who short entire until something.	645930495	from
564	251911262	May common kitchen trial animal maybe skill.	991742661	to
565	471970982	Middle employee especially nature fund real ahead eight serve thousand natural early newspaper might.	895090552	to
566	525869050	Economy scientist look exist recent employee challenge left.	832642614	from
567	497135850	Myself total should ability.	800302635	to
568	423401052	Town foot various minute sure seek chair eat great lead throw gun anyone.	943954756	to
569	624914478	Walk bill space democratic.	952267383	to
570	550235175	Personal like painting owner first else finally.	845418298	to
571	934479765	Rich child soon newspaper unit worker thing lawyer tell per stand product.	569444398	to
572	412548868	Eye treatment reach own themselves buy answer about kind evidence agency put.	313040302	to
573	866432752	Wide board attention station example rest common such also fly.	993756845	from
574	406401195	Example hundred consider protect maybe wear probably young follow much.	255281603	from
575	365845562	Or father more write simple.	926777757	from
576	230291809	Story keep air appear adult sure opportunity soon book.	200967142	to
577	657559336	Only difference administration grow writer sing son especially manager during everything.	512101712	to
578	567969662	Age technology much movement member sit fish senior.	298836204	from
579	948269868	Spend take close approach marriage.	563500183	to
580	873443226	Sing minute picture keep relationship nor.	328409604	from
581	377849947	Member choice about again stock image health.	286823451	to
582	749734302	Management fund might.	895670686	from
583	624666865	Interesting exactly term can exist far Democrat case.	702343218	from
584	253432518	Phone ok feeling.	567209696	to
585	785799428	Small young challenge federal.	563500183	from
586	136505662	Subject third ask difficult leg.	842578429	to
587	504742440	Play small really myself successful might car available house society.	293216653	to
588	635620290	Information so require act improve well foreign successful individual return know unit.	313694709	to
589	695106379	Minute fine service respond read most even east authority key kitchen land.	255281603	to
590	670810450	Green next shoulder you leave.	702343218	from
591	161184424	Social group picture this piece only every imagine true speech information.	994623544	to
592	587476454	Amount wait daughter class my.	953685201	from
593	466116158	Pick traditional from unit cold left technology.	379515033	to
594	899033639	Interesting guy hair sister brother.	716347349	from
595	222163760	Remember wait nature instead avoid assume already represent born view number during team.	994623544	to
596	239976156	To computer base.	310873930	to
597	541136966	Both per really else talk eight board chance.	347316753	from
598	672617649	School list fill responsibility society.	113283145	from
599	655836208	Around among stay.	720368011	to
600	894982536	Behavior eat sure.	163423078	from
601	157278442	Radio response skin individual situation station five moment few boy goal often record.	716347349	from
602	369475290	Have president after budget onto.	251238319	from
603	287164340	Guy center past perhaps hair foot interest explain.	568739598	from
604	347233302	Stuff safe agreement trip responsibility bank.	386616117	from
605	460666217	World themselves suggest investment charge maintain always carry color dark eat myself cell result air.	895670686	to
606	844081263	Capital run win third few baby situation.	649653793	from
607	367714103	Performance here husband society political follow improve religious believe million option.	122761397	to
608	416946245	Fight and human bed.	948112920	from
609	231292347	Indicate budget last traditional.	449098543	from
610	421014163	See the real quality save book family hard moment anything.	388850053	from
611	535989164	Tax blood light nearly similar skill not develop star often serious across none read resource.	221562209	to
612	406924754	Be under company less others wall decade when wind bar.	583303486	to
613	904003306	Somebody black into we.	112443881	to
614	143181311	Because than store show.	432743583	to
615	978151207	List step government trade sound former dog laugh sometimes.	700367216	from
616	233765369	New show girl sell cover.	685506040	to
617	586397568	American most us also animal campaign lose form black if.	650464291	from
618	424819124	Poor air company by tell.	993756845	to
619	474765238	Wait design daughter.	662991212	to
620	746736435	Country produce write above life common feeling book near bed child treat total.	748485791	to
621	329681538	Start including enough read suffer arrive concern consumer central imagine too for difference religious policy.	328311003	to
622	401516139	Hour system at hand industry woman.	771897009	to
623	246404235	Much soon garden human speak million state.	577619293	to
624	151923297	Address experience development executive table amount result sea article Democrat natural difference detail.	705993365	from
625	984952756	Consumer admit owner hospital.	862782134	to
626	492835094	Everyone sing debate different newspaper movement open.	253692283	from
627	763021946	Contain possible word lot her land interest scene.	610846664	from
628	112350059	Particular choose.	796903154	to
629	830996270	Allow financial music stay send whatever quite information.	926777757	to
630	797415596	Truth south spring.	102917714	to
631	500691130	Religious baby development fire believe skill letter top strong us physical energy.	649653793	from
632	488912051	Level approach to determine among hotel room seem simply.	113283145	from
633	904844945	Issue just main create against box suffer role.	991742661	from
634	823672670	Difficult throughout red why able item it sea.	755288415	from
635	516626169	Policy color may ability very economy.	367461037	to
636	443072098	Standard significant talk try apply strategy enter.	161808943	from
637	182950632	Else stand sit benefit direction.	682512266	from
638	487472062	Day simple threat direction character wish.	960121880	to
639	870998419	Name old suffer pay figure.	316942011	from
640	296201092	But computer indeed.	563500183	to
641	912472125	Discussion improve modern contain law appear really his.	274850095	from
642	763169589	Half assume director common figure room.	710745257	to
643	401265216	She throughout small bag.	116339760	from
644	781635304	Nature hair current sign too suddenly worry blue.	756490250	to
645	703997466	Camera describe music people central outside from task thousand live.	584800444	to
646	911042729	Hand project home story loss detail along resource should forget.	301432761	from
647	403483768	Natural week place see investment.	524933627	to
648	191436043	Attention close vote area while into their community simple magazine pay new realize road detail PM.	662991212	to
649	645265132	Break prepare threat gas black stage price.	636099441	to
650	103922844	Long he risk miss list guy candidate tree.	286823451	to
651	712247122	For against drop standard science.	960033688	to
652	598611727	Yeah foot security.	113283145	to
653	796055048	Vote bad avoid sell half kind.	287577643	from
654	604570635	Rule fish mission worry experience.	564450043	from
655	129399039	Small energy under dog alone one my.	227469332	to
656	226989585	Fast thousand visit fact admit meeting charge.	796903154	from
657	203989442	Call middle every resource director financial.	784603091	to
658	366988247	Laugh which ready worker newspaper world official dog certain skill industry system wish.	405449738	to
659	632287537	Military sport huge world themselves idea.	328409604	to
660	884505402	House make mouth cut create involve outside cost every despite.	197748708	from
661	836920234	Explain nothing us court cause reach plan old some.	274850095	to
662	323720708	Before notice Democrat wonder forget art street continue them.	370238394	to
663	322655421	Skill at be.	536849395	to
664	538362188	Pattern system mind whose than memory strategy respond during.	685506040	from
665	742449544	Continue travel chair assume protect artist life win concern among.	645930495	from
666	395643022	Attorney remain spring ready lawyer education.	784603091	from
667	922208269	Exist cause bank statement several fire natural similar edge strong growth because.	230416547	from
668	182073756	Half night tell blood maintain scientist operation.	328311003	from
669	573493143	Friend guy especially win focus truth late star various my.	577619293	to
670	545030729	Cultural available ago dream important current condition brother.	943954756	to
671	461415491	Member head full perform.	536849395	to
672	269645829	Perhaps interest save skill across.	234926011	to
673	815884104	Simple station deal.	242699651	from
674	410994277	All arrive know ok wrong.	815851576	from
675	851461735	First whatever however sport represent.	895670686	from
676	162283531	Pattern moment around store business represent might gas around rest.	610846664	from
677	396385380	Value stop surface religious large child.	634312025	from
678	582597443	National citizen someone response their hair along seat deep himself produce suggest.	872084597	to
679	779053152	Phone together Democrat sister rest blue behind culture under pressure road tough.	174261751	to
680	203436392	Whose produce adult board white method.	755288415	to
681	791554262	Have foot whole know life single history tell instead almost forget including she sometimes.	747568622	to
682	139868160	Return loss direction class accept happen.	558326274	from
683	256395287	You point still start capital region attorney argue bring option wish.	645959145	from
684	395414930	Traditional brother PM food.	524933627	from
685	332585848	Film professional.	583303486	to
686	629610664	Ball huge approach top memory three such.	848816931	to
687	246009722	Including Mr name teacher enter form Mrs parent near later true use for.	823642760	from
688	159391839	Raise truth son right method through role answer sea big plan.	508651497	to
689	925714578	New final pattern available in.	919535535	to
690	726673138	Avoid since same.	720368011	from
691	826343425	There hundred them hit fear explain claim down compare hand still floor situation first public drop.	388850053	from
692	323231136	Vote condition cost weight place.	794312551	to
693	841110972	Base speak suggest give.	388850053	from
694	511640883	Concern seven party raise fall music list visit direction region southern interview.	632116757	to
695	934430515	Mr toward home thus sometimes cultural.	952267383	to
696	171026359	Might test wait style fill among story child race great other author.	367461037	to
697	668503719	Term election year.	475001886	to
698	525810657	Hold fall market lay continue hospital tonight body similar.	898542737	to
699	944378260	Speech billion go range management sell read walk.	842578429	from
700	470320621	Performance once these.	280108025	to
701	915279272	Performance might well tree might so.	957847431	to
702	214644927	Under paper research enjoy bring think so she himself military.	692372997	from
703	463730799	Focus source determine.	510377432	to
704	691895597	Take suffer note trade change travel investment.	622015134	from
705	116080071	Third mouth them hotel and among now.	705993365	to
706	361173956	Quite about great often very.	777959151	to
707	677045521	Stuff forward police ask treatment performance detail.	535168041	to
708	173726829	Reach build until series ten after.	747124219	from
709	214567681	Former series though out suggest natural probably arrive.	680925920	from
710	297674813	Issue to whom laugh Republican daughter benefit believe member recognize fear land identify near point game.	298915489	from
711	469950699	Red reality use.	310873930	to
712	649156247	Notice poor relationship.	934366104	to
713	692746637	Above system now industry believe series knowledge close alone.	313040302	from
714	313376704	Turn front evening million health issue enough store worry PM feeling tell behind.	777959151	to
715	121014368	Name resource born clearly.	112443881	to
716	262308416	Allow local simply defense safe interesting grow late door response.	295896758	to
717	626727633	Community strategy deal improve century shake yet financial create newspaper financial than.	288282162	to
718	772234726	Hour church conference choose report before enter half per real add arm best black.	622015134	to
719	562526532	Western them out data.	421479578	to
720	136123314	Certain detail sometimes how.	250132959	to
721	759078011	Picture medical trouble commercial difficult base news board price some drop soon short popular material.	332124181	to
722	801991559	Surface final least crime contain concern another pattern available physical.	825974773	from
723	311422586	Feel almost there economic join morning bring despite voice foreign wind time.	213268928	to
724	868793864	Movie thought American receive red.	386330695	to
725	186274248	Form eye question us window it now produce.	347316753	to
726	364619886	Add his whole ever foreign almost source view professor indicate south water thing arm.	895090552	to
727	955871871	Nor task girl front able address concern home painting leg can deal time story.	895090552	to
728	499134107	Bit baby alone similar ten wind interest rate send.	242728807	from
729	360665127	Help recently meet.	111127674	to
730	866138936	Light general two talk teacher better.	122761397	to
731	347157439	Agent seem but some letter nice.	718409678	to
732	189752925	Sign experience popular notice million leader nothing.	741009956	from
733	378665653	Him radio character information direction themselves.	948112920	to
734	256292093	Child exist scene church easy threat machine cover.	748485791	from
735	507513169	Him national everybody some reach.	217328899	from
736	428378118	Cold change most step rich wonder affect different particular whether message other.	449098543	from
737	679749426	Actually civil same course scientist successful painting we name thousand order per scene.	625823677	from
738	958254869	Director end their foot different star room economy nice place without.	799370043	to
739	220895527	Federal author hit require score former player hair single try Mr evening morning decide right.	702343218	from
740	742349292	Once effort himself beat debate thank property enough attention around.	898542737	to
741	982062014	Game research check similar could word debate budget dream kind.	832642614	to
742	313660560	Operation put conference have on treat including.	382232384	from
743	702172874	Begin task skin hand fish wear skill rate member stand season quality scene out.	532578774	from
744	840304957	Receive hit get brother technology training wonder same blood so.	527220037	to
745	206539018	Information peace above floor me require.	455294119	from
746	879060591	Indicate police food head claim.	957847431	from
747	391689538	Kitchen arrive right effect campaign big again brother color.	671764777	to
748	971012337	Part eight other one leave law return decide movie bad challenge sit second Mrs establish.	569444398	from
749	102637086	However television writer challenge.	793868090	to
750	544076628	Manage conference professor impact themselves money couple personal parent early perform specific.	262542015	to
751	676222153	Ground manager prepare rate rich matter cause region leave.	735545222	from
752	647677502	Board establish citizen exist capital.	587243384	from
753	286561019	Approach pick management wind if wish time firm.	747568622	from
754	514782841	Bit section reality strong Republican newspaper learn apply measure majority.	962846960	to
755	562211680	Care sort house night she question personal.	367461037	to
756	759365687	Might arm oil last practice player address significant standard film writer performance.	705290677	from
757	944117899	Agree police to table now course.	645930495	from
758	613520439	Real happy executive available lay child quality PM.	234926011	from
759	246258246	Bank expert city help respond success series process.	628276799	from
760	402884415	Better level over such there bit cup parent thousand factor answer list.	718409678	from
761	647752913	Cause scientist include begin country adult may our people tell.	784603091	to
762	752953164	So ahead from pass.	527220037	from
763	242461458	Benefit add career fine study past exactly half interview across role phone begin dog.	683825630	from
764	139519351	Both agent thank writer bad eight account.	682512266	to
765	344192565	Child while early value receive rock similar draw inside others soon agent.	322961065	to
766	161058808	Simple knowledge want by young suggest.	567209696	to
767	762771637	Difficult interesting spring traditional next.	926777757	to
768	251718010	Few pattern cold down send.	405449738	to
769	228828824	Edge outside certain evening.	287577643	to
770	312398394	Nothing some painting thing fall network.	220049082	from
771	966432176	Suffer fact prevent.	685506040	to
772	119554129	Maintain brother change friend people opportunity level.	527220037	to
773	278145564	Career word more common operation decide our role baby political again chance.	347316753	to
774	257083027	Spend attention relate edge sit social president memory laugh civil.	957347405	from
775	187690956	Ten growth.	386330695	from
776	244523739	Leg vote quickly check like analysis myself fill space bring very.	386330695	from
777	511931759	Season smile prepare piece second where shake bed great surface nearly.	383032296	from
778	460541534	Listen foreign on.	562328003	to
779	600518416	Left choice financial deal recognize Mr recognize local expect.	293216653	to
780	404212181	I guy some interview section bed the hundred military usually present represent writer security ground environmental.	207844252	from
781	446470025	President business painting with country conference cell only.	562328003	from
782	151995431	Several day administration.	748712538	from
783	217573145	Professor opportunity state ready special why sense how treat hear become hand yard.	122761397	from
784	663079743	Contain carry leave already off his fear science condition strong available.	251238319	to
785	506585795	Picture amount blood when eye level better class statement maintain much individual.	961783020	to
786	946695331	Require after whole focus.	504766504	to
787	883564326	Add range expect office.	993356241	from
788	873711900	Strong human story cold dream wear suddenly some everything.	743862380	to
789	860591106	Training American out present available firm then.	925760975	to
790	800112225	Out control image production dinner.	242728807	from
791	574240900	Person edge ask above although vote paper I leader your thus.	193174833	from
792	478950223	Sea today degree activity special administration own thus by western gas far black.	161808943	from
793	616264664	Cell area budget.	111316364	to
794	150686728	Relate on big type smile home red arm.	563500183	to
795	601843070	Discover push player.	587243384	to
796	159696024	Them opportunity professional hear we soldier marriage lot.	388850053	to
797	694513903	Yet person south age certain white hand record.	675211361	to
798	422978857	Particular although seven only respond worry mind tree owner medical relate.	316942011	to
799	466037125	From there might.	735968694	from
800	577271547	Behavior hot return woman them single.	991742661	from
801	606595548	I southern itself nothing technology summer act shake relate child animal.	649653793	from
802	719064365	Sometimes way though way crime measure.	244882525	from
803	796701110	Put organization structure international.	347316753	to
804	400981354	Guess career letter scientist visit member.	342773556	from
805	905210663	State find character whatever.	768519619	to
806	630684882	Though television next here serious watch do wait theory point station interview appear bag.	250132959	to
807	827163892	Detail teach process offer out magazine compare.	109754165	to
808	901362562	Tend worry table people stay left special open.	313040302	to
809	175412735	Produce or inside must listen live rise strong baby.	925760975	from
810	262605881	Animal organization six themselves check minute do position reveal.	767082235	from
811	195032107	Bad tend public ask open energy executive grow set.	379515033	from
812	705726620	Whatever item should condition.	332124181	to
813	852052140	Back movement head painting lot.	102917714	from
814	900911860	Assume respond data message off music piece with present.	799406402	from
815	209585027	Mouth son recognize remember free.	149468995	to
816	642259498	Surface create herself.	625823677	to
817	696384249	Operation sure seek kid church national travel serve.	484559857	from
818	153673976	Site collection truth store her.	110931664	from
819	739453166	Drop begin worker.	527220037	from
820	540851746	Fear suggest issue concern artist citizen future choice reveal.	579107400	from
821	779076091	Require join range himself card attorney garden no few production.	697725331	from
822	253037996	Knowledge buy between effort parent environment according.	936190456	from
823	433378188	Science door meet likely leader worker oil blue option buy change.	808624327	from
824	423438536	Take could discussion education produce card three marriage city bag identify commercial.	367461037	from
825	621670914	Church class wish attention break protect week home.	799370043	from
826	625933670	Be director within chair house.	549914287	to
827	511070629	Next author and those whole.	842578429	from
828	320284068	Contain group early central nation base century work.	757311395	from
829	924389193	Buy effect condition movie family.	297675154	to
830	905261831	Participant when future how once heavy.	943954756	from
831	481085134	Side moment out of sometimes again pull nearly kid six dark any able.	524933627	to
832	166271617	Affect technology reason indeed others provide agreement listen indeed lay go easy science.	488404713	from
833	420094768	Away table yourself feeling check seem.	564138948	to
834	538635306	Such foot understand sport will with.	295896758	to
835	210841168	Rise national prove church include she reach.	796903154	from
836	445654711	Report hope budget culture.	733701764	from
837	608313271	Fear year step across soldier student gun fine way tonight character production reflect.	832642614	to
838	385807000	Respond crime contain.	649653793	from
839	318776823	Pm sell bank front protect certainly for great.	895670686	to
840	310566164	Choice set wife let.	649653793	from
841	598877306	Child relate house experience because imagine pattern.	895432870	from
842	903561635	Mean through brother item be indicate music me law understand.	823642760	to
843	844469209	Network easy I million foreign industry wife all such sound.	643379171	from
844	974439769	Quite seven spend where.	895670686	from
845	480203665	Republican air ahead pass this especially now rate cut head born.	983747989	from
846	644070388	Music century inside dog decision break street time rock sea year than energy.	109484436	to
847	549689899	Inside commercial should toward second treatment call history watch factor serve community until.	634312025	from
848	387715547	Music purpose strategy.	575914832	from
849	178208033	Really bank live morning.	518380430	to
850	203951162	Station ever lead another catch off understand.	105850385	from
851	893012435	Green nature court after issue.	421479578	to
852	678529286	Budget special unit but money relate.	771897009	from
853	899144996	Magazine simply rise among owner grow decision strong.	719931070	from
854	387502476	Instead continue condition PM natural evidence.	767082235	to
855	572644298	Change let quickly sound data.	733701764	from
856	111311034	Floor join tree everything half positive administration Democrat reflect situation bag yeah war experience.	227988084	from
857	511083105	Sing manage possible exactly article.	872084597	from
858	180780012	Five network break in stock let result seem read almost wind.	991742661	to
859	301787483	Right language including feel believe in near road law stage.	312251620	from
860	953714115	Nearly network bit record alone research apply relate finally civil guy win.	702343218	to
861	409585252	Kitchen team summer upon trial himself near.	632116757	to
862	461718956	Party area reason single movie other learn news meet man knowledge fine dream serious miss range.	111316364	to
863	271070855	Statement class wife common.	221562209	from
864	724857448	Thought western well fund plant lawyer meeting baby middle television.	645930495	to
865	151849050	Spring people former instead set agency.	832642614	from
866	296751084	Result want not wife ever off money risk adult start.	959202369	from
867	103584758	Two plan laugh last development activity election then tax.	397141317	from
868	880305244	Adult those control standard performance threat dog too year suffer discussion tough although ten.	895670686	to
869	805712005	Third say dog.	994623544	to
870	423978631	Dog table traditional nothing past it color notice two by.	111127674	to
871	190736575	President close article paper spend.	386330695	to
872	389300967	Interview interview community involve morning each federal offer around.	221562209	to
873	221859179	Second decide send old walk who.	993756845	to
874	792928146	Cover reach.	823642760	to
875	698607236	Help size foot another memory involve minute side onto medical whether hard American.	457153070	to
876	739953540	Institution thus only response four even street difficult.	682512266	to
877	508603172	National him indeed me mean pick.	934366104	from
878	892087236	Consumer follow investment bad order article policy protect significant notice this.	149468995	from
879	283461941	Several wait buy business occur site.	925760975	from
880	449689752	Each popular operation debate film factor go.	244882525	to
881	549852281	How traditional participant green memory.	404842077	to
882	902777736	Meeting charge something off fire although.	799406402	to
883	884423213	Report public pick agency development now enough laugh group.	287146889	from
884	469627608	Bag hold candidate meet employee return father on effect majority else relationship either series.	691105116	to
885	853845220	Late eye term billion society development.	627996861	from
886	805960232	Police experience of success public.	105850385	to
887	251920191	Through prepare sort senior establish boy up option first well person newspaper station become.	716300451	to
888	474283354	Discuss purpose play four over.	944369438	to
889	687505907	Figure assume prepare.	275870041	to
890	630210534	Each control heavy front really scene blood lawyer interest audience system just pay.	457153070	to
891	432059056	Improve range before prove around information mind.	486894975	to
892	467323854	Guess difficult trouble present conference child.	706853736	from
893	357594037	Capital have course chance our hospital.	932473030	to
894	475777435	Management culture value air be herself language leave.	960033688	to
895	409099651	Light plant of order wind.	412584026	from
896	690777323	Card last rather water surface level especially.	959202369	to
897	497712652	Maintain something drive detail bank.	934366104	from
898	175505319	Necessary strong suddenly reach always rather occur son move have allow.	771897009	to
899	838693880	Young admit small north we red more.	804760146	to
900	193221952	Only school bit suffer matter real.	994623544	to
901	463173624	Draw with medical perform measure nor usually offer leader end bad put.	221680242	from
902	311084147	Some month Congress air long available degree.	705290677	from
903	575182962	Huge main maybe politics member green.	242728807	to
904	282670009	Chair writer everybody ago network.	227988084	to
905	585121586	Country box keep quickly person me final century box class.	842578429	to
906	897339000	Usually relationship trip expert certain radio kitchen turn.	986078662	to
907	507586643	Leg beyond of reach here teach simply open management security college.	844950621	to
908	438080616	Radio clear sound hotel interview decide represent board worker forward check guess big.	735968694	from
909	226228952	Republican relationship address shoulder area nothing.	806470629	from
910	139892685	Behind base mother agent.	427373643	from
911	647424775	Plant parent between measure collection whatever west exist woman sing choice catch between.	227988084	to
912	702163052	Scene kid outside size social we service leader have.	111127674	from
913	523499821	Interest full thousand involve part near.	251546687	to
914	169969526	Assume institution worker responsibility mention message police candidate letter whether western.	716347349	to
915	485462900	Along society yeah only care consider glass rather your.	996020852	to
916	134927282	Song your Congress administration car pattern senior.	102917714	from
917	592481353	True put test believe past approach go picture policy pass.	813647120	to
918	330917541	Option million protect indicate black here choice during partner able best shake.	799406402	from
919	304868591	Game miss none significant raise occur close ability oil moment such.	382232384	from
920	636947722	While coach ask pattern cost cup agreement develop financial.	575167883	from
921	637196436	Beautiful police local news finally prepare final only summer far knowledge easy.	787264943	to
922	782371834	Short take and star.	512101712	from
923	288793191	Leg ten training agreement home bed data trade consumer.	634312025	from
924	624946343	Remember similar shoulder low type but provide low son thank though trip.	532578774	to
925	382914137	Effect conference part information present her.	414591774	from
926	326335715	Race writer partner easy and director.	328409604	to
927	370258336	As parent particular employee that garden each election meeting trip.	101406515	from
928	717636825	The specific pattern shoulder dark task far.	662991212	to
929	108418310	Law our out ground low the girl rock.	328311003	to
930	818447457	Kid cover avoid.	628276799	to
931	252013281	Peace central stand truth town.	486894975	to
932	322817647	Writer next require chair under once reveal nation thus.	183512874	to
933	546009723	Build produce street seem state likely west success yourself.	102917714	from
934	700905780	Speech pass view chance agency hit yourself.	898542737	to
935	713556203	Show author east.	313694709	from
936	812894317	Citizen there family sea campaign reveal audience stage near long each executive seven position high.	275870041	from
937	377378115	Performance focus tell big third area he behavior.	926822449	from
938	844747289	Him century future wrong impact building.	636099441	from
939	775920551	Others maintain fight anything camera challenge offer.	564450043	to
940	993833841	Expert bit include itself light its how our worker simply society decade generation together traditional.	143380206	from
941	795617476	Top run although sort eye house camera.	671764777	from
942	902069616	Husband assume about there reflect building million strong particularly ever woman mind generation.	634312025	to
943	245208829	Education floor space fine son.	784603091	from
944	556172854	Be read ago to least remember as purpose after top send mind end learn through.	190093383	to
945	958098268	Term series memory mention.	919535535	to
946	820715596	Place media method many this final institution want foreign national against.	993356241	to
947	946991887	Edge fact value.	756490250	from
948	379574292	Your all find including head data.	953685201	to
949	678666275	Without win different day tonight.	680925920	from
950	371840469	Side laugh political ball other miss quite mission writer too.	382598836	from
951	195882272	Beautiful mission guy place natural table beyond major.	813647120	from
952	867118455	Institution writer purpose dream growth million bit if role pull too his state action.	190093383	from
953	403395604	Name available citizen who walk here blue film surface professional measure task.	404842077	from
954	835597529	Western about professional meeting behind hope just me table.	735545222	from
955	848208006	Open figure region.	944369438	to
956	859088073	Social eye what six wish pass social case.	585983769	to
957	773844752	Go appear tax accept administration interest.	813647120	to
958	608988823	Lay heart everybody store road then network.	288282162	from
959	380959939	Whose choose stay way she book.	327701880	to
960	259549133	Glass simply wind.	735968694	to
961	373414113	Much thing response too learn shake across operation everybody especially including car against.	432743583	to
962	776895108	Actually young late before help.	186711761	to
963	978222098	Degree respond day away enough fall only if rest third win similar have natural green eat.	676557212	from
964	388349227	Among analysis fight firm hour each full why no.	860788482	from
965	841387457	Through interest pretty window ten.	684449577	to
966	457425921	Chair support board run summer conference true system human book more seat.	702343218	to
967	582123859	Some morning carry boy in no.	241962546	to
968	790820531	Somebody ball need represent pick hour son gas challenge expect eat star.	386973453	from
969	638023838	She sure meet especially.	839497439	from
970	659611958	Though democratic itself report Congress throughout crime.	677477296	from
971	143898554	Thousand avoid police best network down feeling network reduce.	838450280	to
972	349319115	Job medical interesting.	220049082	from
973	667124327	Strong second cut piece term inside.	960121880	from
974	564102466	Model Democrat western himself hot big note real college culture.	288282162	from
975	553583572	Year son past forward.	587243384	to
976	919319015	Return name act wind story.	398836414	from
977	461382215	Kitchen win matter chair rate reveal ever place.	748485791	to
978	412332249	Sort but tend five economic.	298836204	to
979	354456626	Great partner soon difficult home heavy generation.	692372997	to
980	722506295	Continue play apply manager unit policy stay.	771897009	from
981	998630402	Term speech lay science sometimes move alone.	568739598	from
982	561213303	Relate economy respond to role mouth candidate medical week.	943327180	to
983	296176516	Most key go computer trip gun name leave.	756073932	from
984	263568280	Mention process send per less red.	242699651	to
985	294571185	Past list move beautiful people television.	900132824	from
986	434539281	Skill young lay those end animal somebody.	564450043	from
987	217156575	Change continue their allow.	242728807	from
988	927469304	Eat a school tend explain rich man available our suffer eight level protect particularly.	735968694	from
989	546446698	Crime manager west more month give himself impact whose similar fine final early.	676557212	from
990	251355288	Such partner fly we free quite.	747124219	from
991	838687449	Role prevent here crime candidate prevent human six.	944369438	to
992	147958655	To quality wrong that almost hear almost Democrat soon move we raise thus candidate.	610846664	from
993	153342300	Wrong collection attorney kid best thousand hope manager job sure good put difficult buy.	767536146	to
994	558137492	Feeling but indeed police black learn.	484427230	from
995	128214063	Size cover sure strong for from their national important.	449098543	to
996	450266607	Kid me daughter professor.	386973453	to
997	938134709	Important series sort cost.	445515011	to
998	924265139	Finish party test training produce head fund of dinner particularly baby ten stand already.	242699651	from
999	336315680	Push sister claim bed move government everybody set do rather result it industry theory west amount.	102917714	from
1000	550424206	Analysis level south argue.	334001934	to
1001	182501988	Trip of stuff eye argue performance.	610846664	to
1002	835384328	Situation human near defense field listen recently recent interesting technology professor fast debate speech a trial.	251238319	from
1003	706954395	Sport trip rule begin visit when chance.	794312551	from
1004	814520600	Edge unit brother audience drug wall dark half building actually.	505413315	from
1005	258763296	Before hand listen school member.	993356241	to
1006	743201987	Dog force bring produce we increase mouth enough red all ability cup wear.	936190456	from
1007	796978755	Receive ahead draw hold without experience.	199558172	from
1008	595346154	Share open even middle foot that foreign war.	747124219	from
1009	561045607	Can individual develop few many news position.	844300738	to
1010	363704127	Sport former treat pressure stop in between.	577476121	to
1011	373699010	Set key culture away discuss boy force pull unit short official.	650464291	from
1012	270962799	Want city item return couple color tell toward act offer.	486894975	from
1013	145133008	Two view threat treatment line tough else approach reason other across people happy.	645959145	to
1014	626272942	President year discuss environment.	685506040	to
1015	646535923	Including heart up power how wrong power school significant maybe career page.	740284217	from
1016	759875841	Before scene sing board certainly past economy audience.	848816931	to
1017	217729901	Sit boy without I travel.	425790597	from
1018	801172494	Worker how drive alone continue various suffer.	327701880	to
1019	974284674	Base decide learn others area whatever beat.	259947881	to
1020	149557145	Shoulder southern fish painting late.	926822449	from
1021	702967602	Century window let go girl attorney.	777959151	to
1022	731997382	Ten life determine ahead local course outside down onto.	491212336	to
1023	364462169	Left way close air speak.	159685714	from
1024	958523789	Resource lot year focus hand end summer investment design happy power.	983747989	from
1025	294233766	On hot mouth magazine morning.	127270579	from
1026	438596419	Though key since policy however leave child able.	832642614	to
1027	931968822	Wall baby use such enough of should important.	806470629	from
1028	224322786	Detail some actually feeling about project heart exist trade husband.	295896758	to
1029	603835043	Southern let sure management even color thing.	242728807	from
1030	123418115	Act opportunity study discussion fire environmental care.	295896758	from
1031	916991470	Hold nearly change save rock respond certain vote.	491212336	from
1032	643993098	Answer player business soon surface yourself test hold.	288282162	from
1033	291144629	Threat media next campaign price my stage stay amount wait live.	991742661	to
1034	544558645	Risk hair arm fall.	535168041	from
1035	425649072	Police outside quite address region.	109484436	from
1036	159720802	Price sing power decide lot.	286823451	to
1037	145888477	Allow glass well activity choose our responsibility little participant.	628276799	to
1038	284679526	My report billion particularly environment.	839497439	from
1039	361782709	Note test since Republican.	563500183	to
1040	126947101	Hair direction take process or member goal avoid red risk class letter none.	799406402	to
1041	973784930	Particular sea fish radio.	558326274	from
1042	889546527	House food agency hair rule plant impact whom.	757311395	to
1043	196788366	Us just simply stop.	747124219	from
1044	540099649	Season value through thousand likely medical throughout week mouth four price hotel need interest.	936190456	to
1045	464677351	Hundred gun each sure hold pay.	825974773	from
1046	987129411	Region value local expert whatever total almost friend room.	486894975	to
1047	739279749	Nothing build business why TV shake.	845418298	to
1048	940899962	Parent recently party glass third mean ask condition front half green.	947710348	to
1049	689915373	Example pay choose seat social garden leg again probably most help food product apply finish.	535168041	to
1050	455349622	Wonder strong stop nearly direction chance action family despite including tell amount future.	398836414	from
1051	801286076	Institution anything smile how apply management oil new along professional watch former.	988855703	from
1052	720305377	Oil possible accept prepare.	125965775	from
1053	767136118	Police parent Mr development identify significant ahead.	645930495	from
1054	738994499	Five arrive artist their best.	961783020	from
1055	788886834	Someone baby hit practice beyond best.	650464291	from
1056	277431694	Win mind order happy get name bank.	960033688	from
1057	777478854	Policy owner language consider huge.	900132824	to
1058	339733176	Among loss necessary trip.	536849395	to
1059	943985131	Always long staff oil behind way.	280108025	from
1060	724713254	Media station debate result.	102917714	from
1061	248447575	Follow nature conference act.	174261751	to
1062	113643955	Discussion then land appear smile democratic effect office human term deal beautiful.	767082235	to
1063	563449468	Recognize way perhaps together throw blue drop.	957847431	from
1064	769082829	Size green particular partner grow however military a.	632116757	from
1065	212300177	Ahead accept idea development ready meet professional air national campaign manage per.	445515011	from
1066	649164791	Lawyer top moment process special process base speak trial few.	652138387	from
1067	701998291	Remember maybe feeling big always summer.	193174833	from
1068	739686942	Answer current old.	747124219	from
1069	353755321	Next science.	259947881	to
1070	259029493	These put beyond these take guy everyone still look.	925760975	from
1071	491465427	Couple education question spend goal about soon office.	680925920	to
1072	575328995	Rather tell rise beyond recent consumer.	227469332	to
1073	172491084	Case artist entire effort author.	112443881	to
1074	627566414	Left treat with least gun expert indicate.	960033688	to
1075	995535111	Attorney personal laugh material staff feel however.	227988084	from
1076	302635147	Participant early already modern product.	862782134	to
1077	126923814	Receive million tend kitchen street trouble language.	193174833	from
1078	283861464	Most college impact parent score tree.	262542015	from
1079	430216093	Main unit glass exactly while suffer item around between several because idea goal population school.	961783020	to
1080	975366148	Simple admit smile which teacher direction nearly.	532578774	from
1081	299224724	Modern task say knowledge.	575167883	from
1082	615192811	Support accept firm citizen threat born early onto.	455294119	to
1083	525528509	Add indicate analysis coach pay.	789272937	to
1084	100732904	General imagine leg.	382232384	from
1085	179745555	Night fire production industry song could best.	961783020	to
1086	155489794	Free current must your drop matter true mind box social his.	334438808	to
1087	179271103	Arm once treatment ago another major mention.	798830032	to
1088	964524401	Lawyer development their prove special top practice leader enough ask reality recent.	183512874	to
1089	811891984	Man adult personal trial able around recently young soon.	295896758	to
1090	422491391	Media door good.	771897009	from
1091	265348848	Arrive five buy quite.	936190456	from
1092	618990195	Main son available condition.	794312551	from
1093	435507957	Goal walk career compare worry tree attack miss them.	952267383	from
1094	856253523	Always gas relationship.	432743583	from
1095	104178980	Full commercial expect spend analysis prepare.	334438808	from
1096	673211172	Center strong.	763027180	to
1097	390724980	Far though with side modern carry care painting charge.	944369438	to
1098	167827699	Herself receive pretty nation fact give feeling him with word key staff rise.	262542015	from
1099	534842876	Should put among particular effect say perform capital fish study environmental within establish.	313040302	from
1100	156094577	Modern focus citizen dog.	297675154	from
1101	861334680	Yourself forget base not.	983747989	to
1102	763317065	Of sit dog girl tax lawyer produce southern order report.	527574887	from
1103	807452139	Guy base maybe data both perform.	844300738	to
1104	640921688	American arrive grow first learn reflect.	671764777	from
1105	324595010	Week behavior couple far now generation must.	636099441	to
1106	947478880	Throw newspaper west mother nature me one detail admit court must set bed place.	374931187	to
1107	686895870	Fish low trip see production will paper from child describe partner Mrs.	484427230	from
1108	402180305	Girl education majority certain chance rest nearly body ready other action attack remember current.	111127674	from
1109	461553583	Site risk nor respond soldier beautiful.	297675154	from
1110	497702727	Issue let reflect.	702343218	to
1111	807531363	Miss worry surface oil church push practice degree.	763982824	to
1112	737068606	Democrat wall ok despite.	562328003	to
1113	769700090	Partner break recent son in memory new clear few and agree production.	634312025	to
1114	199293055	Answer trip instead sit.	244882525	to
1115	996163445	Realize standard sit common action executive thank away painting three million.	174261751	from
1116	574812692	Artist government civil citizen mind her Republican.	242728807	from
1117	282857696	Finally describe fund game ago eye factor treatment.	382598836	from
1118	130990258	Here side rate window.	787264943	from
1119	276873152	Drug information dark ok food level popular.	743862380	to
1120	628986014	Develop live significant store establish parent hospital.	848816931	to
1121	544130258	Relationship conference view tree your call.	799370043	to
1122	463714711	Rise see now manager quality property hand what more I deal level already.	677477296	from
1123	352355375	Great class.	718409678	from
1124	240669488	Tax fine turn drive.	414591774	to
1125	584821445	Free first and structure cause describe really only south vote.	636099441	to
1126	927691168	Pass first study size series participant walk national.	427373643	to
1127	145040780	Month mind rate successful house medical throughout often certain.	563500183	to
1128	238503368	Reflect their degree positive see onto fact guess or edge recent million.	174261751	from
1129	496114241	Successful year talk available blood any ago serious continue difference class.	718409678	from
1130	876938491	Land edge of production plan might attorney sing occur establish enough sit.	386616117	from
1131	791225271	Throughout high chance imagine campaign role source decide.	532578774	to
1132	492168293	Suggest both reflect assume before eat federal evening.	193174833	to
1133	842207063	System interest recognize strategy material role quickly important game couple board say.	839497439	from
1134	550806291	Market popular size left election test recent.	800302635	to
1135	326521638	Radio determine up career single fight ever term front suddenly sing agent.	230416547	from
1136	154780433	Once keep performance common.	796903154	from
1137	615998585	Future from should.	207844252	from
1138	500575118	Fall every learn name.	279077015	to
1139	860189558	Public building study air kitchen physical team.	197748708	to
1140	540430449	Process describe writer leg about morning she.	535168041	to
1141	575464715	Team pressure effect blood throw camera.	111316364	to
1142	378916377	Report however back kitchen baby relate call.	296529941	from
1143	817343385	Issue network you beyond suggest evening bill design.	563500183	to
1144	498677257	Address onto child win.	563500183	from
1145	369873033	Make ten listen natural.	449098543	from
1146	499830200	Address offer few media toward bill.	610846664	from
1147	914596112	Carry exist president machine individual quite peace while find little spend view.	558326274	from
1148	946510189	Doctor art enough middle condition including your school small.	445515011	from
1149	564981920	Plan single simply often your move thus sure old music.	237716261	from
1150	400904005	Save speak old southern why meet away page culture least.	735968694	to
1151	988856069	The or think beautiful computer strong something various degree black dark only.	227469332	to
1152	706149359	Land at station bar cause difficult cost performance scientist through size.	677477296	to
1153	406804063	Future no network ability.	316942011	from
1154	766875512	Article director these.	536849395	to
1155	640962323	Goal third hot.	365850320	from
1156	295228069	Fall nothing window total recognize candidate president radio support food whose maybe out.	993756845	to
1157	220577101	Against thousand site threat study.	991742661	to
1158	833131893	Choose end increase magazine foot.	568739598	from
1159	333083681	Tv remain.	684449577	to
1160	404609586	Billion organization employee pay democratic direction.	567209696	from
1161	832609620	Street own save fish responsibility final range inside.	943954756	to
1162	348645618	Itself team response star.	213268928	to
1163	198843552	What first senior whose month family test technology outside provide.	959202369	to
1164	333390231	Chance would growth office will time be.	784603091	to
1165	749057801	Bar either cut imagine soldier work.	842578429	to
1166	751187245	Artist many clear hair partner dark big conference.	386330695	to
1167	111368389	Oil beat purpose all travel garden enter see.	322961065	to
1168	143693856	Join ago woman land.	298836204	from
1169	588561740	Run civil follow office structure.	287374495	to
1170	409217142	Exactly church technology take worker dinner all film investment position right.	404842077	to
1171	658805646	Study job between tell.	756490250	from
1172	211118362	Talk crime response reveal win where debate.	104540315	to
1173	218888646	Who his sell century book appear very bad throw road.	217328899	from
1174	247195876	Agree deal continue laugh eat many property series or identify him until.	296529941	from
1175	726887472	Board day product TV.	691105116	from
1176	920875659	Fish ask decision paper rate take contain.	895780360	from
1177	391996609	Team image line mean.	287374495	to
1178	372461763	Floor character institution election.	113283145	to
1179	976773182	Other cultural eat because audience house nice whether compare this once.	983747989	from
1180	475110429	Maintain TV perhaps defense yard soldier plan.	862782134	to
1181	182789830	Entire citizen traditional certainly process understand vote new value message.	815851576	to
1182	231430628	Improve produce example even modern relationship despite reason quite.	288282162	to
1183	822245005	Law space create every now food team.	585983769	from
1184	383338039	How decide type specific exactly.	926777757	to
1185	200678573	Religious past nor morning.	251238319	from
1186	136638482	Occur film keep hundred institution can big wonder yes image.	421479578	to
1187	452053168	Response pull maintain piece.	334001934	from
1188	562882957	Individual family actually class run produce happy.	952267383	from
1189	169773980	Answer almost animal personal record throughout recognize sort.	190093383	to
1190	607614823	Walk machine policy financial field senior bed.	564138948	from
1191	940940617	Stuff beautiful drop whatever.	577476121	to
1192	542458848	Song this section.	636099441	to
1193	125695357	Per every identify process early exactly realize clear walk town two.	313040302	to
1194	738502598	Hard must low condition strategy model truth on generation discussion.	161808943	from
1195	791381857	Worker act send start sell yet major.	608516837	from
1196	227318017	Thus charge toward week whole reduce able.	960033688	from
1197	251833500	Couple by fast half.	288282162	from
1198	991512916	Member level magazine fast.	536849395	from
1199	501764074	Single college true thing president from senior admit together record issue film product.	149468995	to
1200	192154299	Especially factor especially decade according course.	310873930	from
\.


--
-- Data for Name: users; Type: TABLE DATA; Schema: public; Owner: db_user
--

COPY public.users (id, tg_id, is_bot, username, first_name, last_name) FROM stdin;
1	101406515	f	Watch	Door	Dinner
2	287577643	f	Ability	Class	Daughter
3	898542737	f	Tax	Arrive	Space
4	105850385	f	Happy	Respond	Address
5	577619293	f	Bill	Quality	Activity
6	388850053	f	Long	National	Off
7	609359809	f	Camera	Will	Building
8	193174833	f	Evening	Question	Against
9	183512874	f	Wind	Rich	Face
10	116339760	f	Without	Hope	Action
11	953685201	f	Large	Risk	Actually
12	104540315	f	Color	White	Alone
13	562328003	f	Yourself	Effect	Stock
14	234926011	f	Include	Bring	Against
15	587243384	f	Lot	Kind	Animal
16	735545222	f	Yard	Writer	Form
17	127270579	f	Out	Yeah	Over
18	692372997	f	Wind	Artist	Investment
19	264515897	t	Main	Decision	Type
20	784603091	f	Head	Happy	Side
21	347316753	f	Strategy	About	Participant
22	926777757	f	True	It	Same
23	636099441	f	Agree	Cup	Explain
24	220049082	t	Fish	Simply	Federal
25	109484436	f	Situation	Message	Director
26	457153070	f	Huge	Spring	Main
27	748485791	f	Word	Stand	Against
28	645959145	t	Experience	Range	From
29	297675154	f	Everyone	Idea	Production
30	109754165	f	Former	Usually	Identify
31	143264671	f	Recognize	Eight	Floor
32	190093383	f	Beyond	Cover	Tend
33	110931664	f	Many	Test	Value
34	228130929	f	Assume	Benefit	Avoid
35	768519619	f	Civil	National	It
36	274850095	f	Carry	Open	Everything
37	427373643	f	Compare	Seem	Design
38	680925920	f	Sound	Behind	See
39	382598836	f	Series	Finally	Remain
40	221680242	f	Interesting	Kid	View
41	705290677	f	This	Sport	Past
42	298915489	f	Education	Suggest	Charge
43	111127674	f	Among	Learn	Concern
44	962846960	f	Large	Five	Where
45	934366104	f	People	Always	Window
46	756073932	f	Character	Measure	Trade
47	943954756	f	Bad	Throughout	Too
48	794312551	f	Task	Capital	Address
49	625823677	f	Young	Their	Law
50	293216653	f	Tree	Way	Late
51	683825630	f	Ball	Threat	View
52	986078662	f	Member	International	Generation
53	748712538	f	Produce	Tonight	Interview
54	743862380	f	Plant	Among	Try
55	789272937	f	Sort	Remain	Value
56	163423078	f	Paper	Response	Machine
57	242699651	f	Cultural	Until	Buy
58	763027180	f	Operation	Daughter	Suggest
59	895780360	f	Charge	Worker	Increase
60	280108025	f	Fund	Actually	Kitchen
61	895670686	f	Weight	Song	Degree
62	895432870	f	Level	National	Situation
63	800302635	f	School	Growth	Rich
64	848816931	t	Feel	Wind	Offer
65	322961065	f	Piece	Design	Moment
66	786509525	f	Role	Ball	At
67	491212336	f	Agree	Onto	Stop
68	332124181	f	Authority	Idea	System
69	901477890	f	Prevent	Far	Party
70	872084597	f	Rock	Community	Bad
71	264809703	f	Page	Child	Reduce
72	907518570	f	Language	Phone	Stock
73	702343218	f	Series	Appear	Or
74	113283145	f	Popular	Seven	Similar
75	735968694	f	Candidate	Outside	Attack
76	993756845	f	Whose	Seven	Central
77	900132824	f	Country	Early	Event
78	862782134	f	Dark	Agree	Affect
79	200967142	f	On	Reality	Space
80	585983769	f	Describe	Name	Win
81	122761397	f	Treatment	Page	Perhaps
82	756490250	f	Management	Theory	Keep
83	915441015	f	Five	Every	American
84	943327180	f	List	Television	Past
85	488404713	f	Return	Article	Color
86	608516837	f	Hair	President	Another
87	606478684	f	Year	Rich	Line
88	381524488	f	Nothing	Somebody	Defense
89	160757579	f	Direction	Model	Sister
90	527574887	f	Single	Mean	Admit
91	296529941	f	Best	Very	Send
92	251546687	f	Occur	Discuss	Option
93	563500183	f	Wide	Experience	Road
94	301432761	f	Look	Within	Stock
95	386330695	f	Guy	Own	Expect
96	227469332	f	Security	Practice	Fire
97	512101712	f	Day	Drug	Appear
98	386973453	f	Free	South	Hit
99	242728807	f	Tree	Seem	Carry
100	845418298	f	Clear	Consider	Enjoy
101	763982824	f	Hour	Scene	Use
102	823644920	f	Economic	Five	Must
103	957847431	f	Make	Senior	Surface
104	799331198	f	Follow	Eye	Might
105	535168041	f	Owner	Card	Fear
106	312251620	f	Shake	Consumer	Drive
107	755288415	f	Change	Keep	Sound
108	740284217	f	Room	But	Certain
109	328409604	f	Prove	Test	Agree
110	255281603	f	Process	Body	Ball
111	860788482	f	Course	Mean	Develop
112	504766504	f	Central	Then	Set
113	700367216	f	Measure	Politics	Arm
114	808624327	f	Free	President	Wonder
115	823642760	f	Difficult	Military	Identify
116	804760146	f	Push	Career	Late
117	675211361	f	Owner	Anything	Behavior
118	662991212	f	Structure	Dream	Attorney
119	298836204	f	Require	Human	Star
120	143380206	f	General	Change	Eye
121	528708944	f	Concern	Gas	Each
122	367461037	f	Job	Natural	Important
123	355248194	f	Many	Respond	Site
124	634312025	f	Federal	Coach	Gun
125	286823451	f	Challenge	Ground	Various
126	412584026	f	Condition	Adult	Oil
127	765221509	f	Gun	His	Congress
128	449098543	f	Everything	Partner	Either
129	650464291	f	Foot	Community	Store
130	386616117	f	Institution	Not	Back
131	568739598	f	Child	North	Daughter
132	376866627	f	Play	Ability	Management
133	397141317	f	Board	Build	Tough
134	259947881	f	Across	Push	Improve
135	365850320	f	Race	If	Cell
136	374931187	f	Popular	Hospital	Value
137	719931070	f	Well	Cold	Together
138	895090552	f	History	Beat	Fund
139	230416547	f	Upon	Add	Approach
140	720368011	f	Message	Start	Whose
141	796276143	f	Coach	Look	Must
142	575167883	f	Major	Federal	Staff
143	445515011	f	And	Be	Thought
144	676557212	f	Might	Management	End
145	527220037	f	Theory	People	Indeed
146	728459062	f	Special	Interview	Data
147	988855703	f	Draw	Scientist	Happy
148	936190456	f	Finally	Heart	Reason
149	647568119	f	Manager	Actually	Show
150	112443881	f	Wall	Study	Road
151	536849395	f	I	Director	Reality
152	767082235	f	Defense	And	Position
153	583303486	f	Side	Go	Ahead
154	161808943	f	Learn	Toward	Standard
155	994623544	f	Difficult	Rich	Professional
156	107475499	f	So	Participant	Computer
157	575914832	f	Woman	Film	Compare
158	838450280	f	Campaign	Defense	Already
159	799370043	f	I	Growth	Worry
160	125965775	f	Hit	Box	Give
161	706853736	f	Movement	Job	Use
162	961783020	f	Member	Total	Better
163	414591774	f	Executive	Lay	Should
164	327701880	f	Sure	By	Food
165	793868090	f	Cover	Possible	Happy
166	806470629	f	Nearly	Hold	Behind
167	839497439	f	Win	West	Describe
168	334438808	f	Center	Box	They
169	558326274	f	Let	Rule	Save
170	250132959	f	Interest	Lose	Read
171	279077015	f	Method	Close	Appear
172	241962546	f	Own	Change	Democratic
173	798830032	f	Involve	Also	Not
174	244882525	f	Past	Tell	Head
175	996020852	f	Born	National	Inside
176	387748323	f	At	Effect	Billion
177	287146889	f	Table	Try	Without
178	159685714	f	Senior	Drive	Site
179	149468995	f	Morning	Woman	Drug
180	404842077	f	Street	Chair	Approach
181	579107400	f	Affect	Hour	Happen
182	181916212	f	Wife	View	Other
183	952267383	f	Industry	Science	Cell
184	316942011	f	Reality	Sell	Owner
185	186711761	f	Establish	Enough	Interview
186	577476121	f	Image	Whom	Body
187	842578429	f	Decide	Fund	Record
188	382232384	f	Deep	Reality	Leader
189	777959151	f	School	Great	Try
190	628276799	f	Doctor	Allow	Recent
191	470260475	f	Leader	Record	Voice
192	102917714	f	Simple	Possible	Lot
193	923828047	f	Behavior	How	Majority
194	486894975	f	Learn	Nation	By
195	960033688	f	Our	South	Bank
196	948112920	f	Court	Account	Interest
197	645930495	f	Enjoy	Discover	Environmental
198	925760975	f	Century	Evening	Could
199	567209696	f	Safe	Series	Box
200	622015134	f	Room	Group	Hope
201	408568387	f	May	Finally	Four
202	484427230	f	Financial	Forward	Large
203	197748708	f	Effect	Data	Sister
204	569444398	f	Even	Learn	Beautiful
205	425790597	f	Ability	Buy	Organization
206	957347405	f	Today	Authority	Before
207	947710348	f	Billion	Air	Central
208	432743583	f	Would	Beyond	Son
209	685506040	f	Role	Thank	Summer
210	993356241	f	Education	Wonder	Prevent
211	564450043	f	Many	Computer	Grow
212	594397032	f	Shake	School	Entire
213	405449738	f	Also	Fund	Your
214	221562209	f	Month	Social	Including
215	342773556	f	Specific	During	Cultural
216	627996861	f	Central	Certain	Guess
217	505413315	f	Subject	Base	Win
218	251238319	f	Box	Continue	Wish
219	398836414	f	Go	Better	Hundred
220	227988084	f	Popular	Moment	None
221	237716261	f	Stage	Particular	None
222	741009956	f	Somebody	Pretty	Arrive
223	747124219	f	Service	Economic	Wall
224	691105116	f	Interesting	Not	Capital
225	983747989	f	Billion	Glass	Commercial
226	832642614	f	Bill	Win	Couple
227	508651497	f	Whom	Party	From
228	584800444	f	West	More	Executive
229	532578774	f	Hear	Day	Every
230	649653793	f	Gas	Ever	Off
231	475001886	f	Picture	Yard	Theory
232	815851576	f	To	Other	Environmental
233	747568622	f	Method	Cost	Nor
234	632116757	f	Indeed	Power	Money
235	199558172	f	Different	Early	Artist
236	705993365	f	Summer	Every	Risk
237	421479578	f	North	Offer	Congress
238	767536146	f	Moment	Position	Information
239	959202369	f	Mr	Player	Woman
240	361832431	f	Cause	International	Why
241	564138948	f	Such	Modern	Here
242	932473030	f	Defense	Modern	Believe
243	287374495	f	Financial	Hold	Apply
244	718409678	f	Food	Note	Whether
245	207844252	f	Ever	Defense	Off
246	262542015	f	Available	Decade	Send
247	682512266	f	Risk	Fear	Born
248	111316364	f	Difficult	Argue	Who
249	310873930	f	Stay	Effort	Experience
250	844950621	f	Both	Lawyer	Conference
251	960121880	t	Minute	Show	Strong
252	799406402	f	Boy	Care	Small
253	757311395	f	Week	Its	Half
254	733701764	f	Detail	The	Past
255	771897009	f	Tv	Every	Fill
256	213268928	f	Enjoy	Show	Either
257	524933627	f	Learn	Result	Nothing
258	328311003	f	Office	Mean	Tax
259	518380430	f	Thank	Ago	Try
260	549914287	f	Race	Despite	Lot
261	455294119	f	Time	Tough	Wind
262	313694709	f	Southern	Create	Look
263	844300738	f	May	Show	Training
264	825974773	f	Few	Difficult	Smile
265	295896758	f	Somebody	Itself	Various
266	684449577	f	Chance	Contain	Indeed
267	710745257	f	Pull	Plant	Call
268	652138387	f	Too	Animal	Speak
269	383032296	f	After	Important	Hundred
270	313040302	f	Free	South	Education
271	787264943	f	Trouble	Quality	You
272	484559857	f	See	Why	Those
273	424719372	f	Economic	Nearly	Well
274	796903154	f	Discover	Maintain	Part
275	610846664	f	Southern	Most	Just
276	671764777	f	Music	Hot	Author
277	716300451	f	Able	Push	Fund
278	217328899	f	Television	Question	About
279	643379171	f	Financial	Mrs	Happen
280	919535535	f	Something	With	Let
281	697725331	f	Million	Take	Officer
282	677477296	f	About	Time	Have
283	510377432	f	Case	Relationship	Room
284	665891871	f	Increase	Gun	Pressure
285	716347349	f	Information	Job	Middle
286	275870041	f	Time	Owner	Tv
287	174261751	f	Scientist	Else	Firm
288	991516401	f	Generation	Form	None
289	260916702	f	History	Senior	Cover
290	370238394	f	Consumer	Trip	Property
291	926822449	f	Political	Best	Note
292	607312788	f	While	Prevent	Believe
293	944369438	f	Man	Skin	Sign
294	730475199	f	Something	Billion	Social
295	813647120	f	Community	Cost	Stock
296	991742661	f	Set	Large	This
297	379515033	f	Only	Group	Dinner
298	253692283	f	Over	Plan	Campaign
299	288282162	f	Improve	Race	Field
300	334001934	f	Company	Whose	After
\.


--
-- Name: auth_group_id_seq; Type: SEQUENCE SET; Schema: public; Owner: db_user
--

SELECT pg_catalog.setval('public.auth_group_id_seq', 1, false);


--
-- Name: auth_group_permissions_id_seq; Type: SEQUENCE SET; Schema: public; Owner: db_user
--

SELECT pg_catalog.setval('public.auth_group_permissions_id_seq', 1, false);


--
-- Name: auth_permission_id_seq; Type: SEQUENCE SET; Schema: public; Owner: db_user
--

SELECT pg_catalog.setval('public.auth_permission_id_seq', 24, true);


--
-- Name: auth_user_groups_id_seq; Type: SEQUENCE SET; Schema: public; Owner: db_user
--

SELECT pg_catalog.setval('public.auth_user_groups_id_seq', 1, false);


--
-- Name: auth_user_id_seq; Type: SEQUENCE SET; Schema: public; Owner: db_user
--

SELECT pg_catalog.setval('public.auth_user_id_seq', 1, true);


--
-- Name: auth_user_user_permissions_id_seq; Type: SEQUENCE SET; Schema: public; Owner: db_user
--

SELECT pg_catalog.setval('public.auth_user_user_permissions_id_seq', 1, false);


--
-- Name: django_admin_log_id_seq; Type: SEQUENCE SET; Schema: public; Owner: db_user
--

SELECT pg_catalog.setval('public.django_admin_log_id_seq', 1, false);


--
-- Name: django_content_type_id_seq; Type: SEQUENCE SET; Schema: public; Owner: db_user
--

SELECT pg_catalog.setval('public.django_content_type_id_seq', 6, true);


--
-- Name: django_migrations_id_seq; Type: SEQUENCE SET; Schema: public; Owner: db_user
--

SELECT pg_catalog.setval('public.django_migrations_id_seq', 18, true);


--
-- Name: messages_id_seq; Type: SEQUENCE SET; Schema: public; Owner: db_user
--

SELECT pg_catalog.setval('public.messages_id_seq', 1200, true);


--
-- Name: users_id_seq; Type: SEQUENCE SET; Schema: public; Owner: db_user
--

SELECT pg_catalog.setval('public.users_id_seq', 300, true);


--
-- Name: auth_group auth_group_name_key; Type: CONSTRAINT; Schema: public; Owner: db_user
--

ALTER TABLE ONLY public.auth_group
    ADD CONSTRAINT auth_group_name_key UNIQUE (name);


--
-- Name: auth_group_permissions auth_group_permissions_group_id_permission_id_0cd325b0_uniq; Type: CONSTRAINT; Schema: public; Owner: db_user
--

ALTER TABLE ONLY public.auth_group_permissions
    ADD CONSTRAINT auth_group_permissions_group_id_permission_id_0cd325b0_uniq UNIQUE (group_id, permission_id);


--
-- Name: auth_group_permissions auth_group_permissions_pkey; Type: CONSTRAINT; Schema: public; Owner: db_user
--

ALTER TABLE ONLY public.auth_group_permissions
    ADD CONSTRAINT auth_group_permissions_pkey PRIMARY KEY (id);


--
-- Name: auth_group auth_group_pkey; Type: CONSTRAINT; Schema: public; Owner: db_user
--

ALTER TABLE ONLY public.auth_group
    ADD CONSTRAINT auth_group_pkey PRIMARY KEY (id);


--
-- Name: auth_permission auth_permission_content_type_id_codename_01ab375a_uniq; Type: CONSTRAINT; Schema: public; Owner: db_user
--

ALTER TABLE ONLY public.auth_permission
    ADD CONSTRAINT auth_permission_content_type_id_codename_01ab375a_uniq UNIQUE (content_type_id, codename);


--
-- Name: auth_permission auth_permission_pkey; Type: CONSTRAINT; Schema: public; Owner: db_user
--

ALTER TABLE ONLY public.auth_permission
    ADD CONSTRAINT auth_permission_pkey PRIMARY KEY (id);


--
-- Name: auth_user_groups auth_user_groups_pkey; Type: CONSTRAINT; Schema: public; Owner: db_user
--

ALTER TABLE ONLY public.auth_user_groups
    ADD CONSTRAINT auth_user_groups_pkey PRIMARY KEY (id);


--
-- Name: auth_user_groups auth_user_groups_user_id_group_id_94350c0c_uniq; Type: CONSTRAINT; Schema: public; Owner: db_user
--

ALTER TABLE ONLY public.auth_user_groups
    ADD CONSTRAINT auth_user_groups_user_id_group_id_94350c0c_uniq UNIQUE (user_id, group_id);


--
-- Name: auth_user auth_user_pkey; Type: CONSTRAINT; Schema: public; Owner: db_user
--

ALTER TABLE ONLY public.auth_user
    ADD CONSTRAINT auth_user_pkey PRIMARY KEY (id);


--
-- Name: auth_user_user_permissions auth_user_user_permissions_pkey; Type: CONSTRAINT; Schema: public; Owner: db_user
--

ALTER TABLE ONLY public.auth_user_user_permissions
    ADD CONSTRAINT auth_user_user_permissions_pkey PRIMARY KEY (id);


--
-- Name: auth_user_user_permissions auth_user_user_permissions_user_id_permission_id_14a6b632_uniq; Type: CONSTRAINT; Schema: public; Owner: db_user
--

ALTER TABLE ONLY public.auth_user_user_permissions
    ADD CONSTRAINT auth_user_user_permissions_user_id_permission_id_14a6b632_uniq UNIQUE (user_id, permission_id);


--
-- Name: auth_user auth_user_username_key; Type: CONSTRAINT; Schema: public; Owner: db_user
--

ALTER TABLE ONLY public.auth_user
    ADD CONSTRAINT auth_user_username_key UNIQUE (username);


--
-- Name: django_admin_log django_admin_log_pkey; Type: CONSTRAINT; Schema: public; Owner: db_user
--

ALTER TABLE ONLY public.django_admin_log
    ADD CONSTRAINT django_admin_log_pkey PRIMARY KEY (id);


--
-- Name: django_content_type django_content_type_app_label_model_76bd3d3b_uniq; Type: CONSTRAINT; Schema: public; Owner: db_user
--

ALTER TABLE ONLY public.django_content_type
    ADD CONSTRAINT django_content_type_app_label_model_76bd3d3b_uniq UNIQUE (app_label, model);


--
-- Name: django_content_type django_content_type_pkey; Type: CONSTRAINT; Schema: public; Owner: db_user
--

ALTER TABLE ONLY public.django_content_type
    ADD CONSTRAINT django_content_type_pkey PRIMARY KEY (id);


--
-- Name: django_migrations django_migrations_pkey; Type: CONSTRAINT; Schema: public; Owner: db_user
--

ALTER TABLE ONLY public.django_migrations
    ADD CONSTRAINT django_migrations_pkey PRIMARY KEY (id);


--
-- Name: django_session django_session_pkey; Type: CONSTRAINT; Schema: public; Owner: db_user
--

ALTER TABLE ONLY public.django_session
    ADD CONSTRAINT django_session_pkey PRIMARY KEY (session_key);


--
-- Name: messages messages_message_id_key; Type: CONSTRAINT; Schema: public; Owner: db_user
--

ALTER TABLE ONLY public.messages
    ADD CONSTRAINT messages_message_id_key UNIQUE (message_id);


--
-- Name: messages messages_pkey; Type: CONSTRAINT; Schema: public; Owner: db_user
--

ALTER TABLE ONLY public.messages
    ADD CONSTRAINT messages_pkey PRIMARY KEY (id);


--
-- Name: users users_pkey; Type: CONSTRAINT; Schema: public; Owner: db_user
--

ALTER TABLE ONLY public.users
    ADD CONSTRAINT users_pkey PRIMARY KEY (id);


--
-- Name: users users_tg_id_key; Type: CONSTRAINT; Schema: public; Owner: db_user
--

ALTER TABLE ONLY public.users
    ADD CONSTRAINT users_tg_id_key UNIQUE (tg_id);


--
-- Name: auth_group_name_a6ea08ec_like; Type: INDEX; Schema: public; Owner: db_user
--

CREATE INDEX auth_group_name_a6ea08ec_like ON public.auth_group USING btree (name varchar_pattern_ops);


--
-- Name: auth_group_permissions_group_id_b120cbf9; Type: INDEX; Schema: public; Owner: db_user
--

CREATE INDEX auth_group_permissions_group_id_b120cbf9 ON public.auth_group_permissions USING btree (group_id);


--
-- Name: auth_group_permissions_permission_id_84c5c92e; Type: INDEX; Schema: public; Owner: db_user
--

CREATE INDEX auth_group_permissions_permission_id_84c5c92e ON public.auth_group_permissions USING btree (permission_id);


--
-- Name: auth_permission_content_type_id_2f476e4b; Type: INDEX; Schema: public; Owner: db_user
--

CREATE INDEX auth_permission_content_type_id_2f476e4b ON public.auth_permission USING btree (content_type_id);


--
-- Name: auth_user_groups_group_id_97559544; Type: INDEX; Schema: public; Owner: db_user
--

CREATE INDEX auth_user_groups_group_id_97559544 ON public.auth_user_groups USING btree (group_id);


--
-- Name: auth_user_groups_user_id_6a12ed8b; Type: INDEX; Schema: public; Owner: db_user
--

CREATE INDEX auth_user_groups_user_id_6a12ed8b ON public.auth_user_groups USING btree (user_id);


--
-- Name: auth_user_user_permissions_permission_id_1fbb5f2c; Type: INDEX; Schema: public; Owner: db_user
--

CREATE INDEX auth_user_user_permissions_permission_id_1fbb5f2c ON public.auth_user_user_permissions USING btree (permission_id);


--
-- Name: auth_user_user_permissions_user_id_a95ead1b; Type: INDEX; Schema: public; Owner: db_user
--

CREATE INDEX auth_user_user_permissions_user_id_a95ead1b ON public.auth_user_user_permissions USING btree (user_id);


--
-- Name: auth_user_username_6821ab7c_like; Type: INDEX; Schema: public; Owner: db_user
--

CREATE INDEX auth_user_username_6821ab7c_like ON public.auth_user USING btree (username varchar_pattern_ops);


--
-- Name: django_admin_log_content_type_id_c4bce8eb; Type: INDEX; Schema: public; Owner: db_user
--

CREATE INDEX django_admin_log_content_type_id_c4bce8eb ON public.django_admin_log USING btree (content_type_id);


--
-- Name: django_admin_log_user_id_c564eba6; Type: INDEX; Schema: public; Owner: db_user
--

CREATE INDEX django_admin_log_user_id_c564eba6 ON public.django_admin_log USING btree (user_id);


--
-- Name: django_session_expire_date_a5c62663; Type: INDEX; Schema: public; Owner: db_user
--

CREATE INDEX django_session_expire_date_a5c62663 ON public.django_session USING btree (expire_date);


--
-- Name: django_session_session_key_c0390e0f_like; Type: INDEX; Schema: public; Owner: db_user
--

CREATE INDEX django_session_session_key_c0390e0f_like ON public.django_session USING btree (session_key varchar_pattern_ops);


--
-- Name: auth_group_permissions auth_group_permissio_permission_id_84c5c92e_fk_auth_perm; Type: FK CONSTRAINT; Schema: public; Owner: db_user
--

ALTER TABLE ONLY public.auth_group_permissions
    ADD CONSTRAINT auth_group_permissio_permission_id_84c5c92e_fk_auth_perm FOREIGN KEY (permission_id) REFERENCES public.auth_permission(id) DEFERRABLE INITIALLY DEFERRED;


--
-- Name: auth_group_permissions auth_group_permissions_group_id_b120cbf9_fk_auth_group_id; Type: FK CONSTRAINT; Schema: public; Owner: db_user
--

ALTER TABLE ONLY public.auth_group_permissions
    ADD CONSTRAINT auth_group_permissions_group_id_b120cbf9_fk_auth_group_id FOREIGN KEY (group_id) REFERENCES public.auth_group(id) DEFERRABLE INITIALLY DEFERRED;


--
-- Name: auth_permission auth_permission_content_type_id_2f476e4b_fk_django_co; Type: FK CONSTRAINT; Schema: public; Owner: db_user
--

ALTER TABLE ONLY public.auth_permission
    ADD CONSTRAINT auth_permission_content_type_id_2f476e4b_fk_django_co FOREIGN KEY (content_type_id) REFERENCES public.django_content_type(id) DEFERRABLE INITIALLY DEFERRED;


--
-- Name: auth_user_groups auth_user_groups_group_id_97559544_fk_auth_group_id; Type: FK CONSTRAINT; Schema: public; Owner: db_user
--

ALTER TABLE ONLY public.auth_user_groups
    ADD CONSTRAINT auth_user_groups_group_id_97559544_fk_auth_group_id FOREIGN KEY (group_id) REFERENCES public.auth_group(id) DEFERRABLE INITIALLY DEFERRED;


--
-- Name: auth_user_groups auth_user_groups_user_id_6a12ed8b_fk_auth_user_id; Type: FK CONSTRAINT; Schema: public; Owner: db_user
--

ALTER TABLE ONLY public.auth_user_groups
    ADD CONSTRAINT auth_user_groups_user_id_6a12ed8b_fk_auth_user_id FOREIGN KEY (user_id) REFERENCES public.auth_user(id) DEFERRABLE INITIALLY DEFERRED;


--
-- Name: auth_user_user_permissions auth_user_user_permi_permission_id_1fbb5f2c_fk_auth_perm; Type: FK CONSTRAINT; Schema: public; Owner: db_user
--

ALTER TABLE ONLY public.auth_user_user_permissions
    ADD CONSTRAINT auth_user_user_permi_permission_id_1fbb5f2c_fk_auth_perm FOREIGN KEY (permission_id) REFERENCES public.auth_permission(id) DEFERRABLE INITIALLY DEFERRED;


--
-- Name: auth_user_user_permissions auth_user_user_permissions_user_id_a95ead1b_fk_auth_user_id; Type: FK CONSTRAINT; Schema: public; Owner: db_user
--

ALTER TABLE ONLY public.auth_user_user_permissions
    ADD CONSTRAINT auth_user_user_permissions_user_id_a95ead1b_fk_auth_user_id FOREIGN KEY (user_id) REFERENCES public.auth_user(id) DEFERRABLE INITIALLY DEFERRED;


--
-- Name: django_admin_log django_admin_log_content_type_id_c4bce8eb_fk_django_co; Type: FK CONSTRAINT; Schema: public; Owner: db_user
--

ALTER TABLE ONLY public.django_admin_log
    ADD CONSTRAINT django_admin_log_content_type_id_c4bce8eb_fk_django_co FOREIGN KEY (content_type_id) REFERENCES public.django_content_type(id) DEFERRABLE INITIALLY DEFERRED;


--
-- Name: django_admin_log django_admin_log_user_id_c564eba6_fk_auth_user_id; Type: FK CONSTRAINT; Schema: public; Owner: db_user
--

ALTER TABLE ONLY public.django_admin_log
    ADD CONSTRAINT django_admin_log_user_id_c564eba6_fk_auth_user_id FOREIGN KEY (user_id) REFERENCES public.auth_user(id) DEFERRABLE INITIALLY DEFERRED;


--
-- Name: messages user_id; Type: FK CONSTRAINT; Schema: public; Owner: db_user
--

ALTER TABLE ONLY public.messages
    ADD CONSTRAINT user_id FOREIGN KEY (user_id) REFERENCES public.users(tg_id) NOT VALID;


--
-- PostgreSQL database dump complete
--

